period,ngram,baseline_freq,period_freq,delta
2007,break case return,0.0,0.004339856328957147,0.004339856328957147
2007,ca break case,0.0,0.0005251424324993807,0.0005251424324993807
2007,one of the,0.0005480817140009965,0.00021798365122615803,-0.0003300980627748385
2007,tx break case,0.0,0.0003170671290562299,0.0003170671290562299
2007,case return 'john,0.0,0.0003071587812732227,0.0003071587812732227
2007,is one of,0.00029895366218236175,9.908347783007184e-06,-0.00028904531439935457
2007,ny break case,0.0,0.0002873420857072083,0.0002873420857072083
2007,fl break case,0.0,0.00024770869457517957,0.00024770869457517957
2007,in order to,0.0,0.0002378003467921724,0.0002378003467921724
2007,it's hard to,0.00024912805181863477,4.9541738915035914e-05,-0.00019958631290359886
2007,to play with,0.0001993024414549078,0.0,-0.0001993024414549078
2007,in its own,0.0001993024414549078,0.0,-0.0001993024414549078
2007,clean and reverent,0.0001993024414549078,0.0,-0.0001993024414549078
2007,reverent toward hollywood,0.0001993024414549078,0.0,-0.0001993024414549078
2007,and reverent toward,0.0001993024414549078,0.0,-0.0001993024414549078
2007,its own right,0.0001993024414549078,0.0,-0.0001993024414549078
2007,obedient kind clean,0.0001993024414549078,0.0,-0.0001993024414549078
2007,kind clean and,0.0001993024414549078,0.0,-0.0001993024414549078
2007,one of my,0.0001993024414549078,9.908347783007184e-06,-0.00018939409367190062
2007,of the song,0.0001993024414549078,9.908347783007184e-06,-0.00018939409367190062
2007,il break case,0.0,0.0001882586078771365,0.0001882586078771365
2007,if you want,0.0,0.0001882586078771365,0.0001882586078771365
2007,you want to,0.0,0.0001882586078771365,0.0001882586078771365
2007,pa break case,0.0,0.0001882586078771365,0.0001882586078771365
2007,over the course,0.0001993024414549078,1.9816695566014367e-05,-0.00017948574588889344
2007,the black cat,0.0001993024414549078,1.9816695566014367e-05,-0.00017948574588889344
2007,oh break case,0.0,0.0001783502600941293,0.0001783502600941293
2007,to do so,0.00024912805181863477,7.926678226405747e-05,-0.0001698612695545773
2007,the course of,0.0001993024414549078,2.972504334902155e-05,-0.00016957739810588625
2007,turns out that,0.0001993024414549078,2.972504334902155e-05,-0.00016957739810588625
2008,one of the,0.0005480817140009965,0.0002527623311908717,-0.00029531938281012485
2008,the fact that,0.0003487792725460887,0.00012036301485279604,-0.00022841625769329265
2008,to play with,0.0001993024414549078,0.0,-0.0001993024414549078
2008,clean and reverent,0.0001993024414549078,0.0,-0.0001993024414549078
2008,reverent toward hollywood,0.0001993024414549078,0.0,-0.0001993024414549078
2008,and reverent toward,0.0001993024414549078,0.0,-0.0001993024414549078
2008,obedient kind clean,0.0001993024414549078,0.0,-0.0001993024414549078
2008,kind clean and,0.0001993024414549078,0.0,-0.0001993024414549078
2008,going to be,0.0003487792725460887,0.00015647191930863485,-0.00019230735323745384
2008,is one of,0.00029895366218236175,0.00010832671336751643,-0.00019062694881484532
2008,to do so,0.00024912805181863477,6.018150742639802e-05,-0.00018894654439223675
2008,one of these,0.0001993024414549078,1.2036301485279604e-05,-0.0001872661399696282
2008,the black cat,0.0001993024414549078,1.2036301485279604e-05,-0.0001872661399696282
2008,of the song,0.0001993024414549078,1.2036301485279604e-05,-0.0001872661399696282
2008,in order to,0.0,0.00016850822079391445,0.00016850822079391445
2008,to me that,0.00024912805181863477,8.425411039695722e-05,-0.00016487394142167754
2008,one of my,0.0001993024414549078,3.610890445583881e-05,-0.000163193536999069
2008,on the internet,0.0001993024414549078,3.610890445583881e-05,-0.000163193536999069
2008,but don't think,0.0001993024414549078,3.610890445583881e-05,-0.000163193536999069
2008,over the course,0.0001993024414549078,4.8145205941118414e-05,-0.0001511572355137894
2008,have no idea,0.0001993024414549078,4.8145205941118414e-05,-0.0001511572355137894
2008,the course of,0.0001993024414549078,4.8145205941118414e-05,-0.0001511572355137894
2008,have to be,0.0001993024414549078,4.8145205941118414e-05,-0.0001511572355137894
2008,makes me think,0.00014947683109118088,0.0,-0.00014947683109118088
2008,get down to,0.00014947683109118088,0.0,-0.00014947683109118088
2008,was at least,0.00014947683109118088,0.0,-0.00014947683109118088
2008,your hard drive,0.00014947683109118088,0.0,-0.00014947683109118088
2008,instead of just,0.00014947683109118088,0.0,-0.00014947683109118088
2008,don't think i'm,0.00014947683109118088,0.0,-0.00014947683109118088
2008,sure there are,0.00014947683109118088,0.0,-0.00014947683109118088
2009,is one of,0.00029895366218236175,4.1131105398457584e-05,-0.0002578225567839042
2009,one of the,0.0005480817140009965,0.00032904884318766067,-0.00021903287081333585
2009,in order to,0.0,0.00020565552699228792,0.00020565552699228792
2009,to play with,0.0001993024414549078,0.0,-0.0001993024414549078
2009,in its own,0.0001993024414549078,0.0,-0.0001993024414549078
2009,over the course,0.0001993024414549078,0.0,-0.0001993024414549078
2009,clean and reverent,0.0001993024414549078,0.0,-0.0001993024414549078
2009,of the song,0.0001993024414549078,0.0,-0.0001993024414549078
2009,reverent toward hollywood,0.0001993024414549078,0.0,-0.0001993024414549078
2009,and reverent toward,0.0001993024414549078,0.0,-0.0001993024414549078
2009,its own right,0.0001993024414549078,0.0,-0.0001993024414549078
2009,obedient kind clean,0.0001993024414549078,0.0,-0.0001993024414549078
2009,kind clean and,0.0001993024414549078,0.0,-0.0001993024414549078
2009,one of my,0.0001993024414549078,2.0565552699228792e-05,-0.00017873688875567903
2009,one of these,0.0001993024414549078,2.0565552699228792e-05,-0.00017873688875567903
2009,the course of,0.0001993024414549078,2.0565552699228792e-05,-0.00017873688875567903
2009,but don't think,0.0001993024414549078,2.0565552699228792e-05,-0.00017873688875567903
2009,to do so,0.00024912805181863477,8.226221079691517e-05,-0.0001668658410217196
2009,some sort of,0.00024912805181863477,8.226221079691517e-05,-0.0001668658410217196
2009,and of course,0.0,0.00016452442159383033,0.00016452442159383033
2009,the fact that,0.0003487792725460887,0.00018508997429305912,-0.00016368929825302957
2009,when it comes,0.0001993024414549078,4.1131105398457584e-05,-0.00015817133605645022
2009,it comes to,0.0001993024414549078,4.1131105398457584e-05,-0.00015817133605645022
2009,all of the,4.982561036372695e-05,0.00020565552699228792,0.00015582991662856097
2009,that this is,4.982561036372695e-05,0.00020565552699228792,0.00015582991662856097
2009,by flickr user,0.00014947683109118088,0.0,-0.00014947683109118088
2009,get down to,0.00014947683109118088,0.0,-0.00014947683109118088
2009,your hard drive,0.00014947683109118088,0.0,-0.00014947683109118088
2009,don't get me,0.00014947683109118088,0.0,-0.00014947683109118088
2009,that i'm not,0.00014947683109118088,0.0,-0.00014947683109118088
2010,raw html raw,0.0,0.0003540574989378275,0.0003540574989378275
2010,html raw html,0.0,0.0003540574989378275,0.0003540574989378275
2010,one of the,0.0005480817140009965,0.00024784024925647927,-0.00030024146474451726
2010,nextbus information systems,0.0,0.000283245999150262,0.000283245999150262
2010,the computational hypothesis,0.0,0.00024784024925647927,0.00024784024925647927
2010,the fact that,0.0003487792725460887,0.00010621724968134825,-0.00024256202286474044
2010,is one of,0.00029895366218236175,7.08114997875655e-05,-0.00022814216239479626
2010,the black cat,0.0001993024414549078,0.0,-0.0001993024414549078
2010,to play with,0.0001993024414549078,0.0,-0.0001993024414549078
2010,of the song,0.0001993024414549078,0.0,-0.0001993024414549078
2010,reverent toward hollywood,0.0001993024414549078,0.0,-0.0001993024414549078
2010,over the course,0.0001993024414549078,0.0,-0.0001993024414549078
2010,and reverent toward,0.0001993024414549078,0.0,-0.0001993024414549078
2010,obedient kind clean,0.0001993024414549078,0.0,-0.0001993024414549078
2010,kind clean and,0.0001993024414549078,0.0,-0.0001993024414549078
2010,one of these,0.0001993024414549078,0.0,-0.0001993024414549078
2010,clean and reverent,0.0001993024414549078,0.0,-0.0001993024414549078
2010,but this is,4.982561036372695e-05,0.00024784024925647927,0.0001980146388927523
2010,it would be,4.982561036372695e-05,0.00024784024925647927,0.0001980146388927523
2010,to do so,0.00024912805181863477,7.08114997875655e-05,-0.00017831655203106927
2010,the idea that,0.0,0.00017702874946891374,0.00017702874946891374
2010,in order to,0.0,0.00017702874946891374,0.00017702874946891374
2010,seem to be,0.0,0.00017702874946891374,0.00017702874946891374
2010,about how to,0.0,0.00017702874946891374,0.00017702874946891374
2010,some of the,0.00014947683109118088,0.00031865174904404476,0.00016917491795286388
2010,on the internet,0.0001993024414549078,3.540574989378275e-05,-0.00016389669156112506
2010,the course of,0.0001993024414549078,3.540574989378275e-05,-0.00016389669156112506
2010,it comes to,0.0001993024414549078,3.540574989378275e-05,-0.00016389669156112506
2010,in its own,0.0001993024414549078,3.540574989378275e-05,-0.00016389669156112506
2010,one of my,0.0001993024414549078,3.540574989378275e-05,-0.00016389669156112506
2011,the foreign service,0.0,0.0007927196626185116,0.0007927196626185116
2011,in the foreign,0.0,0.0004439230110663665,0.0004439230110663665
2011,the fact that,0.0003487792725460887,3.170878650474046e-05,-0.00031707048604134825
2011,one of the,0.0005480817140009965,0.0002536702920379237,-0.00029441142196307284
2011,seems to be,0.00029895366218236175,3.170878650474046e-05,-0.00026724487567762127
2011,is one of,0.00029895366218236175,3.170878650474046e-05,-0.00026724487567762127
2011,in order to,0.0,0.0002536702920379237,0.0002536702920379237
2011,in new zealand,0.0,0.0002536702920379237,0.0002536702920379237
2011,be able to,0.00029895366218236175,6.341757300948092e-05,-0.00023553608917288083
2011,the state department,0.0,0.00022196150553318325,0.00022196150553318325
2011,had to go,0.0,0.00022196150553318325,0.00022196150553318325
2011,some sort of,0.00024912805181863477,3.170878650474046e-05,-0.0002174192653138943
2011,at the end,4.982561036372695e-05,0.0002536702920379237,0.00020384468167419673
2011,the black cat,0.0001993024414549078,0.0,-0.0001993024414549078
2011,to play with,0.0001993024414549078,0.0,-0.0001993024414549078
2011,reverent toward hollywood,0.0001993024414549078,0.0,-0.0001993024414549078
2011,have no idea,0.0001993024414549078,0.0,-0.0001993024414549078
2011,and reverent toward,0.0001993024414549078,0.0,-0.0001993024414549078
2011,obedient kind clean,0.0001993024414549078,0.0,-0.0001993024414549078
2011,kind clean and,0.0001993024414549078,0.0,-0.0001993024414549078
2011,one of these,0.0001993024414549078,0.0,-0.0001993024414549078
2011,clean and reverent,0.0001993024414549078,0.0,-0.0001993024414549078
2011,the case that,0.0,0.0001902527190284428,0.0001902527190284428
2011,you can see,0.0,0.0001902527190284428,0.0001902527190284428
2011,you had to,0.0,0.0001902527190284428,0.0001902527190284428
2011,and of course,0.0,0.0001902527190284428,0.0001902527190284428
2011,the wife of,0.0,0.0001902527190284428,0.0001902527190284428
2011,and she said,0.0,0.0001902527190284428,0.0001902527190284428
2011,the idea of,9.96512207274539e-05,0.0002853790785426642,0.00018572785781521025
2011,it's hard to,0.00024912805181863477,6.341757300948092e-05,-0.00018571047880915385
2012,the fact that,0.0003487792725460887,0.0,-0.0003487792725460887
2012,one of the,0.0005480817140009965,0.00026965080221113657,-0.00027843091178985995
2012,you want to,0.0,0.00026965080221113657,0.00026965080221113657
2012,is one of,0.00029895366218236175,4.494180036852276e-05,-0.000254011861813839
2012,the end of,0.00024912805181863477,0.0,-0.00024912805181863477
2012,to me that,0.00024912805181863477,0.0,-0.00024912805181863477
2012,and one that,0.0,0.0002247090018426138,0.0002247090018426138
2012,if you want,0.0,0.0002247090018426138,0.0002247090018426138
2012,to the extent,0.0,0.0002247090018426138,0.0002247090018426138
2012,to do so,0.00024912805181863477,4.494180036852276e-05,-0.000204186251450112
2012,some sort of,0.00024912805181863477,4.494180036852276e-05,-0.000204186251450112
2012,on the internet,0.0001993024414549078,0.0,-0.0001993024414549078
2012,the black cat,0.0001993024414549078,0.0,-0.0001993024414549078
2012,it comes to,0.0001993024414549078,0.0,-0.0001993024414549078
2012,to play with,0.0001993024414549078,0.0,-0.0001993024414549078
2012,in its own,0.0001993024414549078,0.0,-0.0001993024414549078
2012,one of my,0.0001993024414549078,0.0,-0.0001993024414549078
2012,reverent toward hollywood,0.0001993024414549078,0.0,-0.0001993024414549078
2012,when it comes,0.0001993024414549078,0.0,-0.0001993024414549078
2012,and reverent toward,0.0001993024414549078,0.0,-0.0001993024414549078
2012,its own right,0.0001993024414549078,0.0,-0.0001993024414549078
2012,obedient kind clean,0.0001993024414549078,0.0,-0.0001993024414549078
2012,kind clean and,0.0001993024414549078,0.0,-0.0001993024414549078
2012,one of these,0.0001993024414549078,0.0,-0.0001993024414549078
2012,turns out that,0.0001993024414549078,0.0,-0.0001993024414549078
2012,clean and reverent,0.0001993024414549078,0.0,-0.0001993024414549078
2012,you can see,0.0,0.00017976720147409105,0.00017976720147409105
2012,but do think,0.0,0.00017976720147409105,0.00017976720147409105
2012,of the audience,0.0,0.00017976720147409105,0.00017976720147409105
2012,seems likely that,0.0,0.00017976720147409105,0.00017976720147409105
2013,the image sensor,0.0,0.0004151726740894508,0.0004151726740894508
2013,tom lee is,0.0,0.0003774297037176826,0.0003774297037176826
2013,one of the,0.0005480817140009965,0.0001887148518588413,-0.00035936686214215526
2013,wants to read,0.0,0.00030194376297414604,0.00030194376297414604
2013,lee is now,0.0,0.00030194376297414604,0.00030194376297414604
2013,tom wants to,0.0,0.00030194376297414604,0.00030194376297414604
2013,is now friends,0.0,0.0002642007926023778,0.0002642007926023778
2013,now friends with,0.0,0.0002642007926023778,0.0002642007926023778
2013,the semantic web,0.0,0.00022645782223060956,0.00022645782223060956
2013,during the shutdown,0.0,0.00022645782223060956,0.00022645782223060956
2013,some sort of,0.00024912805181863477,3.7742970371768255e-05,-0.00021138508144686653
2013,the course of,0.0001993024414549078,0.0,-0.0001993024414549078
2013,the black cat,0.0001993024414549078,0.0,-0.0001993024414549078
2013,to play with,0.0001993024414549078,0.0,-0.0001993024414549078
2013,of the song,0.0001993024414549078,0.0,-0.0001993024414549078
2013,one of my,0.0001993024414549078,0.0,-0.0001993024414549078
2013,reverent toward hollywood,0.0001993024414549078,0.0,-0.0001993024414549078
2013,over the course,0.0001993024414549078,0.0,-0.0001993024414549078
2013,and reverent toward,0.0001993024414549078,0.0,-0.0001993024414549078
2013,its own right,0.0001993024414549078,0.0,-0.0001993024414549078
2013,obedient kind clean,0.0001993024414549078,0.0,-0.0001993024414549078
2013,kind clean and,0.0001993024414549078,0.0,-0.0001993024414549078
2013,one of these,0.0001993024414549078,0.0,-0.0001993024414549078
2013,clean and reverent,0.0001993024414549078,0.0,-0.0001993024414549078
2013,but don't think,0.0001993024414549078,0.0,-0.0001993024414549078
2013,the fact that,0.0003487792725460887,0.00015097188148707302,-0.00019780739105901567
2013,this book is,0.0,0.0001887148518588413,0.0001887148518588413
2013,the raspberry pi,0.0,0.0001887148518588413,0.0001887148518588413
2013,'s review of,0.0,0.0001887148518588413,0.0001887148518588413
2013,of the work,0.0,0.0001887148518588413,0.0001887148518588413
2014,one of the,0.0005480817140009965,0.00013903371567605143,-0.0004090479983249451
2014,the fact that,0.0003487792725460887,0.0,-0.0003487792725460887
2014,the kind of,0.0,0.0003475842891901286,0.0003475842891901286
2014,wants to read,0.0,0.0003475842891901286,0.0003475842891901286
2014,tom wants to,0.0,0.0003475842891901286,0.0003475842891901286
2014,number of leds,0.0,0.0003475842891901286,0.0003475842891901286
2014,most of the,4.982561036372695e-05,0.0003475842891901286,0.0002977586788264017
2014,for an hour,0.0,0.00027806743135210286,0.00027806743135210286
2014,lead acid battery,0.0,0.00027806743135210286,0.00027806743135210286
2014,the boost converter,0.0,0.00027806743135210286,0.00027806743135210286
2014,to me that,0.00024912805181863477,0.0,-0.00024912805181863477
2014,the past few,4.982561036372695e-05,0.00027806743135210286,0.0002282418209883759
2014,power leds for,0.0,0.00020855057351407716,0.00020855057351407716
2014,the most important,0.0,0.00020855057351407716,0.00020855057351407716
2014,leds for an,0.0,0.00020855057351407716,0.00020855057351407716
2014,huge variety of,0.0,0.00020855057351407716,0.00020855057351407716
2014,that kind of,0.0,0.00020855057351407716,0.00020855057351407716
2014,being able to,0.0,0.00020855057351407716,0.00020855057351407716
2014,lot of people,0.0,0.00020855057351407716,0.00020855057351407716
2014,the vast majority,0.0,0.00020855057351407716,0.00020855057351407716
2014,this is because,0.0,0.00020855057351407716,0.00020855057351407716
2014,if you want,0.0,0.00020855057351407716,0.00020855057351407716
2014,the first time,0.0,0.00020855057351407716,0.00020855057351407716
2014,but even if,0.0,0.00020855057351407716,0.00020855057351407716
2014,could power leds,0.0,0.00020855057351407716,0.00020855057351407716
2014,wouldn't want to,0.0,0.00020855057351407716,0.00020855057351407716
2014,the idea that,0.0,0.00020855057351407716,0.00020855057351407716
2014,is the first,0.0,0.00020855057351407716,0.00020855057351407716
2014,that people are,0.0,0.00020855057351407716,0.00020855057351407716
2014,reason to think,0.0,0.00020855057351407716,0.00020855057351407716
2015,the idea that,0.0,0.0006146281499692685,0.0006146281499692685
2015,of the confederacy,0.0,0.0006146281499692685,0.0006146281499692685
2015,little more than,0.0,0.00046097111247695143,0.00046097111247695143
2015,could ad blockers,0.0,0.00046097111247695143,0.00046097111247695143
2015,in front of,4.982561036372695e-05,0.00046097111247695143,0.0004111455021132245
2015,one of the,0.0005480817140009965,0.00015365703749231714,-0.00039442467650867936
2015,going to be,0.0003487792725460887,0.0,-0.0003487792725460887
2015,that was the,0.0,0.00030731407498463427,0.00030731407498463427
2015,on the street,0.0,0.00030731407498463427,0.00030731407498463427
2015,the evidence for,0.0,0.00030731407498463427,0.00030731407498463427
2015,those lines weren't,0.0,0.00030731407498463427,0.00030731407498463427
2015,the neighborhood was,0.0,0.00030731407498463427,0.00030731407498463427
2015,as we walked,0.0,0.00030731407498463427,0.00030731407498463427
2015,as evidence of,0.0,0.00030731407498463427,0.00030731407498463427
2015,be taken as,0.0,0.00030731407498463427,0.00030731407498463427
2015,the judge's instructions,0.0,0.00030731407498463427,0.00030731407498463427
2015,the police had,0.0,0.00030731407498463427,0.00030731407498463427
2015,to get out,0.0,0.00030731407498463427,0.00030731407498463427
2015,lines weren't there,0.0,0.00030731407498463427,0.00030731407498463427
2015,pop up blockers,0.0,0.00030731407498463427,0.00030731407498463427
2015,can be practiced,0.0,0.00030731407498463427,0.00030731407498463427
2015,my last name,0.0,0.00030731407498463427,0.00030731407498463427
2015,the judge and,0.0,0.00030731407498463427,0.00030731407498463427
2015,field sobriety tests,0.0,0.00030731407498463427,0.00030731407498463427
2015,to the existence,0.0,0.00030731407498463427,0.00030731407498463427
2015,les enfants perdus,0.0,0.00030731407498463427,0.00030731407498463427
2015,confederate flag is,0.0,0.00030731407498463427,0.00030731407498463427
2015,in this very,0.0,0.00030731407498463427,0.00030731407498463427
2015,that people in,0.0,0.00030731407498463427,0.00030731407498463427
2015,politics can be,0.0,0.00030731407498463427,0.00030731407498463427
2016,not to be,0.0,0.000563570784490532,0.000563570784490532
2016,one of the,0.0005480817140009965,0.0,-0.0005480817140009965
2016,of this is,0.0,0.0004508566275924256,0.0004508566275924256
2016,if you are,4.982561036372695e-05,0.0004508566275924256,0.00040103101722869865
2016,the fact that,0.0003487792725460887,0.0,-0.0003487792725460887
2016,sometimes we are,0.0,0.00033814247069431923,0.00033814247069431923
2016,the cfaa is,0.0,0.00033814247069431923,0.00033814247069431923
2016,the cost of,0.0,0.00033814247069431923,0.00033814247069431923
2016,there was the,0.0,0.00033814247069431923,0.00033814247069431923
2016,the site operator,0.0,0.00033814247069431923,0.00033814247069431923
2016,to be the,0.00014947683109118088,0.0004508566275924256,0.0003013797965012447
2016,seems to be,0.00029895366218236175,0.0,-0.00029895366218236175
2016,is one of,0.00029895366218236175,0.0,-0.00029895366218236175
2016,but it was,4.982561036372695e-05,0.00033814247069431923,0.0002883168603305923
2016,it would be,4.982561036372695e-05,0.00033814247069431923,0.0002883168603305923
2016,for long time,4.982561036372695e-05,0.00033814247069431923,0.0002883168603305923
2016,this is not,4.982561036372695e-05,0.00033814247069431923,0.0002883168603305923
2016,to do so,0.00024912805181863477,0.0,-0.00024912805181863477
2016,to me that,0.00024912805181863477,0.0,-0.00024912805181863477
2016,some sort of,0.00024912805181863477,0.0,-0.00024912805181863477
2016,you need to,9.96512207274539e-05,0.00033814247069431923,0.0002384912499668653
2016,only reason people,0.0,0.0002254283137962128,0.0002254283137962128
2016,abundance of resources,0.0,0.0002254283137962128,0.0002254283137962128
2016,hell of lot,0.0,0.0002254283137962128,0.0002254283137962128
2016,it and the,0.0,0.0002254283137962128,0.0002254283137962128
2016,site operator might,0.0,0.0002254283137962128,0.0002254283137962128
2016,excited about your,0.0,0.0002254283137962128,0.0002254283137962128
2016,some of this,0.0,0.0002254283137962128,0.0002254283137962128
2016,to be worth,0.0,0.0002254283137962128,0.0002254283137962128
2016,blase attitude toward,0.0,0.0002254283137962128,0.0002254283137962128
2017,this is the,9.96512207274539e-05,0.0015878056525881232,0.0014881544318606692
2017,in terms of,4.982561036372695e-05,0.000952683391552874,0.000902857781189147
2017,can there be,0.0,0.0006351222610352493,0.0006351222610352493
2017,hard not to,0.0,0.0006351222610352493,0.0006351222610352493
2017,the power of,0.0,0.0006351222610352493,0.0006351222610352493
2017,sometimes thought they,0.0,0.0006351222610352493,0.0006351222610352493
2017,there be any,0.0,0.0006351222610352493,0.0006351222610352493
2017,it's hard not,0.0,0.0006351222610352493,0.0006351222610352493
2017,they want to,0.0,0.0006351222610352493,0.0006351222610352493
2017,that this would,0.0,0.0006351222610352493,0.0006351222610352493
2017,is the only,0.0,0.0006351222610352493,0.0006351222610352493
2017,maybe this is,0.0,0.0006351222610352493,0.0006351222610352493
2017,these sorts of,0.0,0.0006351222610352493,0.0006351222610352493
2017,bike hack night,0.0,0.0006351222610352493,0.0006351222610352493
2017,part of this,0.0,0.0006351222610352493,0.0006351222610352493
2017,business models that,0.0,0.0006351222610352493,0.0006351222610352493
2017,is that we,0.0,0.0006351222610352493,0.0006351222610352493
2017,to have been,4.982561036372695e-05,0.0006351222610352493,0.0005852966506715223
2017,sorts of things,4.982561036372695e-05,0.0006351222610352493,0.0005852966506715223
2017,think this is,4.982561036372695e-05,0.0006351222610352493,0.0005852966506715223
2017,that we were,4.982561036372695e-05,0.0006351222610352493,0.0005852966506715223
2017,this is not,4.982561036372695e-05,0.0006351222610352493,0.0005852966506715223
2017,but it seems,4.982561036372695e-05,0.0006351222610352493,0.0005852966506715223
2017,more or less,4.982561036372695e-05,0.0006351222610352493,0.0005852966506715223
2017,seems to have,9.96512207274539e-05,0.0006351222610352493,0.0005354710403077954
2017,seem to have,9.96512207274539e-05,0.0006351222610352493,0.0005354710403077954
2017,going to be,0.0003487792725460887,0.0,-0.0003487792725460887
2017,identical fitness tracker,0.0,0.00031756113051762465,0.00031756113051762465
2017,that was supposed,0.0,0.00031756113051762465,0.00031756113051762465
2017,world historical significance,0.0,0.00031756113051762465,0.00031756113051762465
2018,it's hard to,0.00024912805181863477,0.0015045135406218655,0.0012553854888032307
2018,made by democrats,0.0,0.0010030090270812437,0.0010030090270812437
2018,hard to imagine,0.0,0.0010030090270812437,0.0010030090270812437
2018,small chance of,0.0,0.0010030090270812437,0.0010030090270812437
2018,is few hundred,0.0,0.0010030090270812437,0.0010030090270812437
2018,on the messages,0.0,0.0010030090270812437,0.0010030090270812437
2018,or to the,0.0,0.0010030090270812437,0.0010030090270812437
2018,the north those,0.0,0.0010030090270812437,0.0010030090270812437
2018,to the north,0.0,0.0010030090270812437,0.0010030090270812437
2018,to the east,0.0,0.0010030090270812437,0.0010030090270812437
2018,few hundred yards,0.0,0.0010030090270812437,0.0010030090270812437
2018,the idea that,0.0,0.0010030090270812437,0.0010030090270812437
2018,why does twitter,0.0,0.0010030090270812437,0.0010030090270812437
2018,twitter is already,0.0,0.0010030090270812437,0.0010030090270812437
2018,think this is,4.982561036372695e-05,0.0010030090270812437,0.0009531834167175167
2018,people who were,4.982561036372695e-05,0.0010030090270812437,0.0009531834167175167
2018,there are people,4.982561036372695e-05,0.0010030090270812437,0.0009531834167175167
2018,but it's hard,4.982561036372695e-05,0.0010030090270812437,0.0009531834167175167
2018,some sort of,0.00024912805181863477,0.0010030090270812437,0.0007538809752626089
2018,going to be,0.0003487792725460887,0.0010030090270812437,0.000654229754535155
2018,one of the,0.0005480817140009965,0.0,-0.0005480817140009965
2018,bad twitter is,0.0,0.0005015045135406219,0.0005015045135406219
2018,upon this signal,0.0,0.0005015045135406219,0.0005015045135406219
2018,family surely it,0.0,0.0005015045135406219,0.0005015045135406219
2018,stated standards accomplishes,0.0,0.0005015045135406219,0.0005015045135406219
2018,hibakusha say that,0.0,0.0005015045135406219,0.0005015045135406219
2018,from the white,0.0,0.0005015045135406219,0.0005015045135406219
2018,what are they,0.0,0.0005015045135406219,0.0005015045135406219
2018,all but certain,0.0,0.0005015045135406219,0.0005015045135406219
2018,the same dream,0.0,0.0005015045135406219,0.0005015045135406219
2020,figure https miro,0.0,0.009169764560099132,0.009169764560099132
2020,https miro medium,0.0,0.009169764560099132,0.009169764560099132
2020,medium com max,0.0,0.009169764560099132,0.009169764560099132
2020,miro medium com,0.0,0.009169764560099132,0.009169764560099132
2020,the orange show,0.0,0.0012391573729863693,0.0012391573729863693
2020,float aligncenter image,0.0,0.0009913258983890955,0.0009913258983890955
2020,container float aligncenter,0.0,0.0009913258983890955,0.0009913258983890955
2020,at the time,0.0,0.0009913258983890955,0.0009913258983890955
2020,to the patent,0.0,0.0007434944237918215,0.0007434944237918215
2020,but he was,4.982561036372695e-05,0.0007434944237918215,0.0006936688134280946
2020,and half years,0.0,0.0004956629491945477,0.0004956629491945477
2020,the patent office,0.0,0.0004956629491945477,0.0004956629491945477
2020,an adaptation of,0.0,0.0004956629491945477,0.0004956629491945477
2020,aligncenter image it,0.0,0.0004956629491945477,0.0004956629491945477
2020,the dawn of,0.0,0.0004956629491945477,0.0004956629491945477
2020,he going to,0.0,0.0004956629491945477,0.0004956629491945477
2020,it figure https,0.0,0.0004956629491945477,0.0004956629491945477
2020,two and half,0.0,0.0004956629491945477,0.0004956629491945477
2020,it ll be,0.0,0.0004956629491945477,0.0004956629491945477
2020,but think we,0.0,0.0004956629491945477,0.0004956629491945477
2020,we should consider,0.0,0.0004956629491945477,0.0004956629491945477
2020,again and again,0.0,0.0004956629491945477,0.0004956629491945477
2020,think we should,0.0,0.0004956629491945477,0.0004956629491945477
2020,he was undeterred,0.0,0.0004956629491945477,0.0004956629491945477
2020,to elizabeth holmes,0.0,0.0004956629491945477,0.0004956629491945477
2020,all of it,0.0,0.0004956629491945477,0.0004956629491945477
2020,encourage you to,0.0,0.0004956629491945477,0.0004956629491945477
2020,the end of,0.00024912805181863477,0.0007434944237918215,0.0004943663719731868
2020,in the same,4.982561036372695e-05,0.0004956629491945477,0.0004458373388308208
2020,this is the,9.96512207274539e-05,0.0004956629491945477,0.0003960117284670938
2021,he talked about,0.0,0.0011470520761642578,0.0011470520761642578
2021,to me the,0.0,0.0006882312456985547,0.0006882312456985547
2021,for me to,4.982561036372695e-05,0.0006882312456985547,0.0006384056353348277
2021,one of the,0.0005480817140009965,0.0,-0.0005480817140009965
2021,it's possible to,0.0,0.0004588208304657031,0.0004588208304657031
2021,have to thank,0.0,0.0004588208304657031,0.0004588208304657031
2021,that this was,0.0,0.0004588208304657031,0.0004588208304657031
2021,it hard to,0.0,0.0004588208304657031,0.0004588208304657031
2021,stories about him,0.0,0.0004588208304657031,0.0004588208304657031
2021,the promise of,0.0,0.0004588208304657031,0.0004588208304657031
2021,of course that,0.0,0.0004588208304657031,0.0004588208304657031
2021,and being here,0.0,0.0004588208304657031,0.0004588208304657031
2021,wish had more,0.0,0.0004588208304657031,0.0004588208304657031
2021,year since his,0.0,0.0004588208304657031,0.0004588208304657031
2021,talked about his,0.0,0.0004588208304657031,0.0004588208304657031
2021,he wrote am,0.0,0.0004588208304657031,0.0004588208304657031
2021,to all of,0.0,0.0004588208304657031,0.0004588208304657031
2021,celebrate my father,0.0,0.0004588208304657031,0.0004588208304657031
2021,any of us,0.0,0.0004588208304657031,0.0004588208304657031
2021,so let me,0.0,0.0004588208304657031,0.0004588208304657031
2021,was thinking about,0.0,0.0004588208304657031,0.0004588208304657031
2021,to celebrate my,0.0,0.0004588208304657031,0.0004588208304657031
2021,was important to,0.0,0.0004588208304657031,0.0004588208304657031
2021,but she was,0.0,0.0004588208304657031,0.0004588208304657031
2021,impossible for me,0.0,0.0004588208304657031,0.0004588208304657031
2021,how to love,0.0,0.0004588208304657031,0.0004588208304657031
2021,with each other,0.0,0.0004588208304657031,0.0004588208304657031
2021,should have been,0.0,0.0004588208304657031,0.0004588208304657031
2021,and read lot,0.0,0.0004588208304657031,0.0004588208304657031
2021,agreeing with each,0.0,0.0004588208304657031,0.0004588208304657031
2022,aug morning roundup,0.0,0.001856036152356359,0.001856036152356359
2022,sep morning roundup,0.0,0.001856036152356359,0.001856036152356359
2022,apr morning roundup,0.0,0.001856036152356359,0.001856036152356359
2022,oct morning roundup,0.0,0.001856036152356359,0.001856036152356359
2022,may morning roundup,0.0,0.0016946417043253712,0.0016946417043253712
2022,jan morning roundup,0.0,0.0016946417043253712,0.0016946417043253712
2022,feb morning roundup,0.0,0.0016139444803098773,0.0016139444803098773
2022,nov morning roundup,0.0,0.0014525500322788896,0.0014525500322788896
2022,jul morning roundup,0.0,0.0014525500322788896,0.0014525500322788896
2022,jun morning roundup,0.0,0.0013718528082633957,0.0013718528082633957
2022,mar morning roundup,0.0,0.0013718528082633957,0.0013718528082633957
2022,dec morning roundup,0.0,0.0012911555842479018,0.0012911555842479018
2022,edition aug morning,0.0,0.001210458360232408,0.001210458360232408
2022,edition nov morning,0.0,0.0011297611362169142,0.0011297611362169142
2022,edition sep morning,0.0,0.0009683666881859264,0.0009683666881859264
2022,edition apr morning,0.0,0.0008069722401549387,0.0008069722401549387
2022,edition jul morning,0.0,0.0007262750161394448,0.0007262750161394448
2022,edition may morning,0.0,0.0007262750161394448,0.0007262750161394448
2022,edition mar morning,0.0,0.0006455777921239509,0.0006455777921239509
2022,edition dec morning,0.0,0.0006455777921239509,0.0006455777921239509
2022,edition jan morning,0.0,0.0006455777921239509,0.0006455777921239509
2022,edition feb morning,0.0,0.0005648805681084571,0.0005648805681084571
2022,edition oct morning,0.0,0.0005648805681084571,0.0005648805681084571
2022,one of the,0.0005480817140009965,8.069722401549386e-05,-0.00046738448998550263
2022,of the day,4.982561036372695e-05,0.00040348612007746934,0.0003536605097137424
2022,the fact that,0.0003487792725460887,0.0,-0.0003487792725460887
2022,dec photo of,0.0,0.00032278889606197545,0.00032278889606197545
2022,edition jun morning,0.0,0.00032278889606197545,0.00032278889606197545
2022,the kind of,0.0,0.00032278889606197545,0.00032278889606197545
2022,morning roundup post,0.0,0.00032278889606197545,0.00032278889606197545
2023,tags for days,0.0,0.0007609384908053266,0.0007609384908053266
2023,it's easy to,0.0,0.000507292327203551,0.000507292327203551
2023,the work that,0.0,0.000507292327203551,0.000507292327203551
2023,to do the,4.982561036372695e-05,0.000507292327203551,0.0004574667168398241
2023,the physical world,4.982561036372695e-05,0.000507292327203551,0.0004574667168398241
2023,one of the,0.0005480817140009965,0.00012682308180088776,-0.00042125863220010876
2023,it seems like,9.96512207274539e-05,0.000507292327203551,0.0004076411064760971
2023,of fake tags,0.0,0.0003804692454026633,0.0003804692454026633
2023,think they should,0.0,0.0003804692454026633,0.0003804692454026633
2023,for days whelees,0.0,0.0003804692454026633,0.0003804692454026633
2023,phone calls to,0.0,0.0003804692454026633,0.0003804692454026633
2023,do the work,0.0,0.0003804692454026633,0.0003804692454026633
2023,use of fake,0.0,0.0003804692454026633,0.0003804692454026633
2023,the ones who,0.0,0.0003804692454026633,0.0003804692454026633
2023,work that we,0.0,0.0003804692454026633,0.0003804692454026633
2023,the fact that,0.0003487792725460887,0.0,-0.0003487792725460887
2023,the use of,4.982561036372695e-05,0.0003804692454026633,0.00033064363503893635
2023,think this is,4.982561036372695e-05,0.0003804692454026633,0.00033064363503893635
2023,all of these,4.982561036372695e-05,0.0003804692454026633,0.00033064363503893635
2023,is one of,0.00029895366218236175,0.0,-0.00029895366218236175
2023,it could be,9.96512207274539e-05,0.0003804692454026633,0.00028081802467520937
2023,that sort of,0.0,0.0002536461636017755,0.0002536461636017755
2023,temp tags tags,0.0,0.0002536461636017755,0.0002536461636017755
2023,to the problem,0.0,0.0002536461636017755,0.0002536461636017755
2023,the better part,0.0,0.0002536461636017755,0.0002536461636017755
2023,outside of few,0.0,0.0002536461636017755,0.0002536461636017755
2023,agree with tim,0.0,0.0002536461636017755,0.0002536461636017755
2023,of these cases,0.0,0.0002536461636017755,0.0002536461636017755
2023,fake tag sellers,0.0,0.0002536461636017755,0.0002536461636017755
2023,have the most,0.0,0.0002536461636017755,0.0002536461636017755
2024,the number of,4.982561036372695e-05,0.0005247622171203674,0.00047493660675664045
2024,image image image,0.0,0.0004591669399803214,0.0004591669399803214
2024,big fast roads,0.0,0.0004591669399803214,0.0004591669399803214
2024,part is here,0.0,0.0003935716628402755,0.0003935716628402755
2024,mph over the,0.0,0.0003935716628402755,0.0003935716628402755
2024,but it is,0.0,0.0003935716628402755,0.0003935716628402755
2024,this is the,9.96512207274539e-05,0.0004591669399803214,0.00035951571925286747
2024,one of the,0.0005480817140009965,0.00019678583142013775,-0.00035129588258085877
2024,the fact that,0.0003487792725460887,0.0,-0.0003487792725460887
2024,the speed limit,0.0,0.00032797638570022957,0.00032797638570022957
2024,over the speed,0.0,0.00032797638570022957,0.00032797638570022957
2024,that they are,0.0,0.00032797638570022957,0.00032797638570022957
2024,on big fast,0.0,0.00032797638570022957,0.00032797638570022957
2024,they were pro,0.0,0.00032797638570022957,0.00032797638570022957
2024,the dcpc study,0.0,0.00032797638570022957,0.00032797638570022957
2024,going to be,0.0003487792725460887,6.559527714004592e-05,-0.00028318399540604275
2024,that this is,4.982561036372695e-05,0.00032797638570022957,0.00027815077533650264
2024,you could be,0.0,0.0002623811085601837,0.0002623811085601837
2024,limit speed mph,0.0,0.0002623811085601837,0.0002623811085601837
2024,human speed enforcement,0.0,0.0002623811085601837,0.0002623811085601837
2024,speed limit speed,0.0,0.0002623811085601837,0.0002623811085601837
2024,speed cameras are,0.0,0.0002623811085601837,0.0002623811085601837
2024,look at this,0.0,0.0002623811085601837,0.0002623811085601837
2024,of this is,0.0,0.0002623811085601837,0.0002623811085601837
2024,looking at the,0.0,0.0002623811085601837,0.0002623811085601837
2024,speed mph over,0.0,0.0002623811085601837,0.0002623811085601837
2024,none of this,0.0,0.0002623811085601837,0.0002623811085601837
2024,found that cameras,0.0,0.0002623811085601837,0.0002623811085601837
2024,to me that,0.00024912805181863477,0.0,-0.00024912805181863477
2024,some sort of,0.00024912805181863477,0.0,-0.00024912805181863477
2025,one of the,0.0005480817140009965,9.351912466099317e-05,-0.0004545625893400034
2025,that signal is,0.0,0.00037407649864397267,0.00037407649864397267
2025,money in politics,0.0,0.00037407649864397267,0.00037407649864397267
2025,seems to be,0.00029895366218236175,0.0,-0.00029895366218236175
2025,differently than we,0.0,0.00028055737398297953,0.00028055737398297953
2025,signal is secure,0.0,0.00028055737398297953,0.00028055737398297953
2025,works differently than,0.0,0.00028055737398297953,0.00028055737398297953
2025,cameras in the,0.0,0.00028055737398297953,0.00028055737398297953
2025,in the moment,0.0,0.00028055737398297953,0.00028055737398297953
2025,that kind of,0.0,0.00028055737398297953,0.00028055737398297953
2025,it's easy to,0.0,0.00028055737398297953,0.00028055737398297953
2025,some kind of,0.0,0.00028055737398297953,0.00028055737398297953
2025,be problem that,0.0,0.00028055737398297953,0.00028055737398297953
2025,to do so,0.00024912805181863477,0.0,-0.00024912805181863477
2025,it's hard to,0.00024912805181863477,0.0,-0.00024912805181863477
2025,some sort of,0.00024912805181863477,0.0,-0.00024912805181863477
2025,the end of,0.00024912805181863477,0.0,-0.00024912805181863477
2025,will be the,4.982561036372695e-05,0.00028055737398297953,0.00023073176361925257
2025,not going to,4.982561036372695e-05,0.00028055737398297953,0.00023073176361925257
2025,lots of people,4.982561036372695e-05,0.00028055737398297953,0.00023073176361925257
2025,it might be,4.982561036372695e-05,0.00028055737398297953,0.00023073176361925257
2025,is one of,0.00029895366218236175,9.351912466099317e-05,-0.0002054345375213686
2025,on the internet,0.0001993024414549078,0.0,-0.0001993024414549078
2025,the black cat,0.0001993024414549078,0.0,-0.0001993024414549078
2025,it comes to,0.0001993024414549078,0.0,-0.0001993024414549078
2025,to play with,0.0001993024414549078,0.0,-0.0001993024414549078
2025,and reverent toward,0.0001993024414549078,0.0,-0.0001993024414549078
2025,its own right,0.0001993024414549078,0.0,-0.0001993024414549078
2025,obedient kind clean,0.0001993024414549078,0.0,-0.0001993024414549078
2025,it turns out,0.0001993024414549078,0.0,-0.0001993024414549078
