period,paragraph_length
2006,436
2006,21
2006,18
2006,47
2006,101
2006,57
2006,46
2006,84
2006,23
2006,73
2006,37
2006,64
2006,5
2006,4
2006,39
2006,43
2006,27
2006,67
2006,55
2006,46
2006,33
2006,15
2006,35
2006,31
2006,50
2006,62
2006,25
2006,78
2006,63
2006,60
2006,63
2006,853
2006,171
2006,3
2006,4
2006,46
2006,53
2006,64
2006,43
2006,58
2006,17
2006,64
2006,53
2006,77
2006,2
2006,4
2006,2
2006,12
2006,2
2006,78
2006,73
2006,39
2006,77
2006,83
2006,113
2006,63
2006,22
2006,2
2006,71
2006,19
2006,3
2006,56
2006,39
2006,70
2006,40
2006,90
2006,93
2006,74
2006,16
2006,102
2006,53
2006,12
2006,121
2006,113
2006,2
2006,69
2006,8
2006,124
2006,43
2006,61
2006,74
2006,500
2006,171
2006,342
2006,115
2006,87
2006,24
2006,3
2006,71
2006,5
2006,37
2006,470
2006,118
2006,20
2006,198
2006,13
2006,3
2006,315
2006,176
2006,17
2006,417
2006,146
2006,319
2006,428
2006,70
2006,332
2006,201
2006,358
2006,83
2006,80
2006,458
2006,199
2006,46
2006,43
2006,56
2006,123
2006,23
2006,81
2006,134
2006,11
2006,72
2006,85
2006,127
2006,95
2006,96
2006,13
2006,58
2006,72
2006,82
2006,291
2006,38
2006,17
2006,76
2006,82
2006,94
2006,159
2006,26
2006,12
2006,149
2006,27
2006,20
2006,26
2006,47
2006,55
2006,28
2006,212
2006,150
2006,76
2006,3
2006,5
2006,57
2006,24
2006,104
2006,196
2006,114
2006,219
2006,21
2006,89
2006,8
2006,86
2006,383
2006,445
2006,186
2006,364
2006,267
2006,82
2006,4
2006,41
2006,30
2006,4
2006,24
2006,40
2006,35
2006,13
2006,79
2006,48
2006,90
2006,41
2006,69
2006,45
2006,87
2006,2
2006,4
2006,2
2006,12
2006,2
2006,12
2006,3
2006,34
2006,14
2006,20
2006,13
2006,80
2006,38
2006,43
2006,4
2006,87
2006,38
2006,24
2006,2
2006,68
2006,96
2006,15
2006,3
2006,71
2006,46
2006,10
2006,79
2006,3
2006,2
2006,73
2006,94
2006,181
2006,85
2006,105
2006,52
2006,337
2006,33
2006,17
2006,334
2006,28
2006,669
2006,36
2006,46
2006,4
2006,15
2006,133
2006,47
2006,69
2006,40
2006,53
2006,8
2006,4
2006,40
2006,46
2006,25
2006,129
2006,5
2006,11
2006,63
2006,33
2006,41
2006,293
2006,56
2007,2
2007,54
2007,83
2007,16
2007,3
2007,32
2007,1067
2007,7
2007,56
2007,32
2007,21
2007,32
2007,81
2007,22
2007,114
2007,26
2007,46
2007,7
2007,5
2007,5
2007,65
2007,88
2007,11
2007,42
2007,14
2007,7
2007,10
2007,65
2007,23
2007,45
2007,26
2007,55
2007,83
2007,14
2007,25
2007,67
2007,54
2007,61
2007,92
2007,41
2007,66
2007,73
2007,120
2007,85
2007,123
2007,52
2007,48
2007,39
2007,102
2007,32
2007,2
2007,167
2007,5
2007,242
2007,108
2007,65
2007,22
2007,38
2007,62
2007,18
2007,69
2007,22
2007,35
2007,90
2007,44
2007,127
2007,69
2007,92
2007,40
2007,74
2007,35
2007,12
2007,42
2007,38
2007,67
2007,73
2007,23
2007,22
2007,35
2007,119
2007,24
2007,93
2007,59
2007,54
2007,101
2007,10
2007,3
2007,55
2007,67
2007,86
2007,68
2007,7
2007,35
2007,58
2007,36
2007,105
2007,75
2007,14
2007,3
2007,25
2007,25
2007,11
2007,84
2007,10
2007,74
2007,94
2007,77
2007,42
2007,18
2007,21
2007,71
2007,25
2007,48
2007,25
2007,5
2007,9
2007,9
2007,87
2007,55
2007,85
2007,119
2007,36
2007,86
2007,85
2007,43
2007,25
2007,84
2007,4
2007,11
2007,19
2007,16
2007,22
2007,49
2007,24
2007,76
2007,78
2007,30
2007,52
2007,70
2007,6
2007,90
2007,72
2007,127
2007,84
2007,60
2007,8
2007,59
2007,57
2007,19
2007,6
2007,16
2007,47
2007,95
2007,35
2007,83
2007,12
2007,171
2007,90
2007,75
2007,74
2007,4
2007,20
2007,6
2007,12
2007,57
2007,39
2007,10
2007,87
2007,80
2007,5
2007,5
2007,47
2007,5
2007,30
2007,79
2007,15
2007,48
2007,84
2007,54
2007,68
2007,92
2007,38
2007,122
2007,4
2007,379
2007,66
2007,45
2007,49
2007,97
2007,50
2007,9
2007,119
2007,64
2007,121
2007,37
2007,10
2007,40
2007,10
2007,22
2007,86
2007,24
2007,79
2007,34
2007,14
2007,33
2007,12
2007,97
2007,66
2007,49
2007,57
2007,28
2007,325
2007,23
2007,34
2007,40
2007,43
2007,52
2007,92
2007,110
2007,103
2007,90
2007,86
2007,73
2007,78
2007,74
2007,75
2007,14
2007,23
2007,52
2007,27
2007,22
2007,30
2007,103
2007,70
2007,30
2007,8
2007,17
2007,17
2007,11
2007,86
2007,202
2007,36
2007,13
2007,29
2007,90
2007,3
2007,2
2007,19
2007,50
2007,45
2007,81
2007,138
2007,40
2007,194
2007,86
2007,44
2007,4
2007,24
2007,25
2007,5
2007,11
2007,6
2007,8
2007,136
2007,55
2007,115
2007,3
2007,64
2007,25
2007,6
2007,3
2007,31
2007,63
2007,49
2007,404
2007,68
2007,38
2007,31
2007,37
2007,21
2007,24
2007,55
2007,78
2007,146
2007,48
2007,35
2007,114
2007,91
2007,76
2007,57
2007,122
2007,60
2007,34
2007,121
2007,32
2007,15
2007,58
2007,53
2007,91
2007,56
2007,75
2007,92
2007,74
2007,45
2007,12
2007,19
2007,170
2007,45
2007,36
2007,34
2007,12
2007,23
2007,19
2007,13
2007,127
2007,76
2007,61
2007,48
2007,16
2007,82
2007,37
2007,22
2007,52
2007,40
2007,2
2007,6
2007,35
2007,42
2007,70
2007,38
2007,33
2007,93
2007,79
2007,8
2007,3
2007,79
2007,86
2007,4
2007,12
2007,60
2007,35
2007,68
2007,12
2007,4
2007,127
2007,15
2007,64
2007,61
2007,61
2007,37
2007,137
2007,32
2007,40
2007,80
2007,99
2007,43
2007,23
2007,12
2007,6
2007,32
2007,24
2007,79
2007,78
2007,90
2007,51
2007,6
2007,63
2007,72
2007,73
2007,92
2007,31
2007,4
2007,47
2007,6
2007,49
2007,5
2007,32
2007,8
2007,27
2007,15
2007,3
2007,34
2007,118
2007,54
2007,133
2007,43
2007,40
2007,39
2007,66
2007,76
2007,67
2007,3
2007,76
2007,57
2007,2
2007,1
2007,2
2007,2
2007,2
2007,31
2007,3844
2007,52
2007,72
2007,52
2007,21
2007,38
2007,41
2007,106
2007,103
2007,94
2007,61
2007,208
2007,33
2007,38
2007,153
2007,48
2007,30
2007,52
2007,39
2007,91
2007,50
2007,70
2007,83
2007,132
2007,2
2007,1
2007,2
2007,2
2007,14
2007,2
2007,2
2007,27
2007,2
2007,2
2007,2
2007,304
2007,45
2007,81
2007,6
2007,51
2007,71
2007,89
2007,48
2007,115
2007,68
2007,88
2007,30
2007,52
2007,63
2007,33
2007,198
2007,52
2007,105
2007,93
2007,106
2007,96
2007,46
2007,35
2007,102
2007,24
2007,148
2007,61
2007,132
2007,36
2007,111
2007,40
2007,45
2007,20
2007,19
2007,86
2007,40
2007,93
2007,100
2007,187
2007,62
2007,41
2007,10
2007,32
2007,50
2007,61
2007,60
2007,136
2007,45
2007,33
2007,34
2007,103
2007,8
2007,14
2007,11
2007,2
2007,15
2007,18
2007,3
2007,4
2007,28
2007,35
2007,101
2007,104
2007,100
2007,78
2007,139
2007,81
2007,39
2007,64
2007,112
2007,3
2007,68
2007,59
2007,84
2007,124
2007,113
2007,65
2007,120
2007,76
2007,31
2007,11
2007,12
2007,81
2007,28
2007,25
2007,25
2007,22
2007,37
2007,71
2007,163
2007,69
2007,8
2007,84
2007,56
2007,61
2007,70
2007,51
2007,78
2007,10
2007,39
2007,37
2007,6
2007,59
2007,17
2007,87
2007,98
2007,28
2007,40
2007,125
2007,39
2007,140
2007,56
2007,49
2007,36
2007,80
2007,145
2007,63
2007,66
2007,74
2007,137
2007,110
2007,53
2007,113
2007,63
2007,127
2007,56
2007,76
2007,57
2007,14
2007,52
2007,15
2007,3
2007,8
2007,4
2007,10
2007,72
2007,17
2007,378
2007,6
2007,48
2007,47
2007,53
2007,11
2007,81
2007,75
2007,126
2007,73
2007,28
2007,70
2007,26
2007,36
2007,70
2007,6
2007,86
2007,89
2007,45
2007,31
2007,53
2007,7
2007,8
2007,8
2007,6
2007,53
2007,81
2007,10
2007,2
2007,66
2007,35
2007,18
2007,31
2007,11
2007,30
2007,5
2007,128
2007,46
2007,1
2007,56
2007,33
2007,110
2007,27
2007,89
2007,2
2007,2
2007,2
2007,1
2007,4
2007,2
2007,123
2007,67
2007,63
2007,13
2007,3
2007,4
2007,20
2007,58
2007,49
2007,4
2007,87
2007,88
2007,22
2007,31
2007,89
2007,127
2007,54
2007,86
2007,81
2007,139
2007,69
2007,72
2007,22
2007,107
2007,37
2007,78
2007,56
2007,37
2007,114
2007,48
2007,53
2007,41
2007,53
2007,2
2007,63
2007,30
2007,37
2007,7
2007,43
2007,96
2007,64
2007,140
2007,61
2007,11
2007,26
2007,16
2007,136
2007,53
2007,27
2007,32
2007,97
2007,130
2007,90
2007,144
2007,78
2007,87
2007,50
2007,34
2007,35
2007,14
2007,53
2007,98
2007,45
2007,6
2007,124
2007,67
2007,79
2007,55
2007,55
2007,45
2007,88
2007,122
2007,68
2007,200
2007,57
2007,43
2007,9
2007,41
2007,57
2007,40
2007,3
2007,55
2007,49
2007,44
2007,41
2007,118
2007,83
2007,55
2007,60
2007,31
2007,18
2007,65
2007,47
2007,72
2007,79
2007,29
2007,25
2007,24
2007,2
2007,6
2007,3
2007,43
2007,29
2007,67
2007,10
2007,24
2007,4
2007,34
2007,67
2007,123
2007,143
2007,52
2007,121
2007,58
2007,101
2007,31
2007,16
2007,107
2007,2
2007,6
2007,40
2007,30
2007,83
2007,91
2007,40
2007,62
2007,295
2007,44
2007,88
2007,102
2007,93
2007,95
2007,120
2007,4
2007,4
2007,24
2007,76
2007,58
2007,34
2007,53
2007,10
2007,46
2007,61
2007,57
2007,52
2007,85
2007,46
2007,56
2007,44
2007,25
2007,48
2007,2
2007,65
2007,28
2007,81
2007,126
2007,101
2007,61
2007,126
2007,74
2007,47
2007,83
2007,5
2007,3
2007,8
2007,27
2007,40
2007,49
2007,41
2007,91
2007,64
2007,31
2007,68
2007,43
2007,3
2007,37
2007,410
2007,46
2007,27
2007,39
2007,38
2007,42
2007,18
2007,5
2007,39
2007,46
2007,17
2007,139
2007,38
2007,48
2007,70
2007,52
2007,163
2007,114
2007,93
2007,53
2007,4
2007,8
2007,80
2007,57
2007,85
2007,19
2007,5
2007,20
2007,2
2007,26
2007,47
2007,4
2007,18
2007,27
2007,63
2007,6
2007,38
2007,29
2007,19
2007,82
2007,35
2007,4
2007,3
2007,14
2007,7
2007,6
2007,10
2007,19
2007,48
2007,14
2007,5
2007,32
2007,45
2007,21
2007,32
2007,64
2007,122
2007,132
2007,127
2007,47
2007,20
2007,4
2007,41
2007,4
2007,28
2007,4
2007,3
2007,31
2007,79
2007,66
2007,74
2007,3
2007,7
2007,24
2007,88
2007,87
2007,96
2007,52
2007,24
2007,158
2007,114
2007,89
2007,41
2007,26
2007,49
2007,134
2007,32
2007,122
2007,36
2007,58
2007,33
2007,2
2007,5
2007,8
2007,21
2007,38
2007,26
2007,86
2007,21
2007,23
2007,62
2007,44
2007,148
2007,89
2007,159
2007,89
2007,94
2007,30
2007,64
2007,38
2007,67
2007,60
2007,17
2007,20
2007,24
2007,47
2007,98
2007,58
2007,33
2007,23
2007,95
2007,59
2007,60
2007,13
2007,3
2007,39
2007,48
2007,87
2007,85
2007,90
2007,71
2007,49
2007,121
2007,8
2007,28
2007,70
2007,81
2007,20
2007,271
2007,25
2007,20
2007,31
2007,39
2007,17
2007,62
2007,29
2007,4
2007,37
2007,39
2007,97
2007,12
2007,61
2007,59
2007,113
2007,32
2007,16
2007,144
2007,141
2007,193
2007,107
2007,27
2007,111
2007,109
2007,69
2007,93
2007,72
2007,55
2007,115
2007,33
2007,190
2007,123
2007,90
2007,143
2007,73
2007,95
2007,91
2007,123
2007,5
2007,70
2007,183
2007,66
2007,38
2007,111
2007,118
2007,10
2007,5
2007,34
2007,80
2007,147
2007,60
2007,210
2007,75
2007,30
2007,5
2007,84
2007,69
2007,171
2007,78
2007,9
2007,11
2007,17
2007,26
2007,19
2007,40
2007,83
2007,48
2007,120
2007,76
2007,87
2007,113
2007,47
2007,78
2007,30
2007,80
2007,8
2007,114
2007,74
2007,117
2007,15
2007,7
2007,38
2007,16
2007,4
2007,99
2007,52
2007,109
2007,8
2007,14
2007,187
2007,19
2007,48
2007,5
2007,23
2007,2
2007,2
2007,17
2007,2
2007,14
2007,137
2007,9
2007,120
2007,85
2007,109
2007,3
2007,39
2007,2
2007,2
2007,2
2007,2
2007,20
2007,3
2007,130
2007,35
2007,82
2007,90
2007,3
2007,88
2007,63
2007,137
2007,11
2007,48
2007,186
2007,2
2007,140
2007,103
2007,71
2007,90
2007,26
2007,15
2007,37
2007,126
2007,94
2007,59
2007,39
2007,67
2007,19
2007,111
2007,33
2007,34
2007,85
2007,87
2007,63
2007,150
2007,51
2007,93
2007,72
2007,42
2007,100
2007,70
2007,35
2007,97
2007,6
2007,100
2007,25
2007,72
2007,109
2007,31
2007,37
2007,41
2007,23
2007,26
2007,31
2007,133
2007,66
2007,61
2007,16
2007,53
2007,14
2007,66
2007,37
2007,97
2007,53
2007,31
2007,45
2007,18
2007,55
2007,44
2007,6
2007,5
2007,3
2007,18
2007,15
2007,85
2007,89
2007,29
2007,86
2007,11
2007,20
2007,107
2007,22
2007,126
2007,106
2007,3
2007,79
2007,94
2007,77
2007,86
2007,117
2007,142
2007,94
2007,23
2007,2
2007,11
2007,316
2007,4
2007,42
2007,70
2007,60
2007,58
2007,75
2007,102
2007,25
2007,383
2007,29
2007,11
2007,31
2007,6
2007,15
2007,12
2007,63
2007,10
2007,58
2007,31
2007,61
2007,106
2007,11
2007,19
2007,41
2007,142
2007,77
2007,86
2007,85
2007,663
2007,44
2007,18
2007,381
2007,68
2007,53
2007,72
2007,5
2007,14
2007,7
2007,59
2007,51
2007,13
2007,35
2007,105
2007,35
2007,47
2007,33
2007,82
2007,5
2007,118
2007,27
2007,89
2007,15
2007,49
2007,76
2007,61
2007,34
2007,79
2007,93
2007,75
2007,112
2007,156
2007,68
2007,94
2007,6
2007,31
2007,65
2007,69
2007,71
2007,46
2007,12
2007,142
2007,5
2007,15
2007,24
2007,50
2007,91
2007,57
2007,34
2007,14
2007,84
2007,66
2007,97
2007,64
2007,90
2007,36
2007,3
2007,49
2007,51
2007,8
2007,76
2007,81
2007,8
2007,31
2007,36
2007,28
2007,9
2007,26
2007,46
2007,79
2007,57
2007,43
2007,9
2007,42
2007,102
2007,77
2007,109
2007,45
2007,60
2007,57
2007,3
2007,22
2007,69
2007,95
2007,82
2007,77
2007,98
2007,62
2007,87
2007,93
2007,4
2007,62
2007,103
2007,74
2007,2
2007,94
2007,95
2007,18
2007,6
2007,5
2007,2
2007,7
2007,44
2007,103
2007,92
2007,49
2007,111
2007,80
2007,90
2007,80
2007,10
2007,52
2007,27
2007,88
2007,33
2007,8
2007,16
2007,41
2007,52
2007,53
2007,77
2007,60
2007,44
2007,23
2007,8
2007,33
2007,3
2007,8
2007,34
2007,7
2007,3
2007,5
2007,21
2007,66
2007,71
2007,113
2007,74
2007,52
2007,85
2007,11
2007,26
2007,9
2007,32
2007,11
2007,27
2007,21
2007,5
2007,13
2007,20
2007,22
2007,12
2007,17
2007,17
2007,44
2007,12
2007,11
2007,19
2007,37
2007,48
2007,217
2007,4
2007,3
2007,6
2007,38
2007,180
2007,86
2007,82
2007,28
2007,15
2007,146
2007,65
2007,75
2007,9
2007,59
2007,70
2007,9
2007,53
2007,7
2007,97
2007,23
2007,19
2007,29
2007,9
2007,21
2007,14
2007,28
2007,101
2007,6
2007,28
2007,34
2007,67
2007,25
2007,51
2007,70
2007,3
2007,117
2007,5
2007,47
2007,41
2007,67
2007,31
2007,2
2007,13
2007,38
2007,10
2007,2
2007,129
2007,13
2007,37
2007,43
2007,44
2007,72
2007,62
2007,35
2007,48
2007,65
2007,14
2007,74
2007,14
2007,13
2007,56
2007,27
2007,6
2007,35
2007,64
2007,47
2007,45
2007,17
2007,12
2007,17
2007,103
2007,26
2007,37
2007,59
2007,53
2007,96
2007,88
2007,47
2007,17
2007,5
2007,37
2007,68
2007,32
2007,7
2007,16
2007,6
2007,13
2007,35
2007,66
2007,466
2007,2
2007,108
2007,18
2007,52
2007,79
2007,57
2007,18
2007,3
2007,8
2007,27
2007,361
2007,19
2007,52
2007,5
2007,54
2007,118
2007,58
2007,77
2007,25
2007,39
2007,45
2007,57
2007,4
2007,78
2007,27
2007,24
2007,76
2007,34
2007,53
2007,44
2007,85
2007,39
2007,154
2007,34
2007,29
2007,126
2007,42
2007,5
2007,6
2007,4
2007,81
2007,70
2007,107
2007,113
2007,104
2007,28
2007,56
2007,38
2007,85
2007,51
2007,125
2007,53
2007,34
2007,3
2007,26
2007,47
2007,23
2007,63
2007,129
2007,102
2007,13
2007,124
2007,138
2007,82
2007,112
2007,56
2007,53
2007,17
2007,37
2007,46
2007,85
2007,122
2007,54
2007,63
2007,51
2007,65
2007,31
2007,50
2007,31
2007,241
2007,95
2007,6
2007,29
2007,51
2007,98
2007,115
2007,103
2007,12
2007,285
2007,125
2007,35
2007,97
2007,4
2007,49
2007,18
2007,50
2007,72
2007,68
2007,64
2007,59
2007,51
2007,6
2007,54
2007,47
2007,19
2007,49
2007,5
2007,19
2007,34
2007,65
2007,50
2007,64
2007,60
2007,105
2007,48
2007,20
2007,2
2007,87
2007,6
2007,16
2007,89
2007,114
2007,27
2007,12
2007,3
2007,57
2007,3
2007,7
2007,67
2007,100
2007,32
2007,62
2007,63
2007,136
2007,106
2007,28
2007,17
2007,105
2007,10
2007,5
2007,23
2007,60
2007,10
2007,68
2007,94
2007,15
2007,13
2007,15
2007,22
2007,9
2007,45
2007,13
2007,77
2007,81
2007,18
2007,63
2007,58
2007,63
2007,63
2007,4
2007,50
2007,74
2007,64
2007,13
2007,9
2007,10
2007,8
2007,14
2007,24
2007,55
2007,20
2007,15
2007,24
2007,65
2007,19
2007,63
2007,94
2007,74
2007,40
2007,77
2007,100
2007,85
2007,66
2007,5
2007,54
2007,44
2007,72
2007,71
2007,37
2007,48
2007,35
2007,72
2007,25
2007,22
2007,50
2007,55
2007,100
2007,20
2007,74
2007,83
2007,28
2007,45
2007,14
2007,22
2007,78
2007,118
2007,95
2007,70
2007,61
2007,83
2007,53
2007,68
2007,24
2007,63
2007,16
2007,2
2007,8
2007,9
2007,43
2007,48
2007,100
2007,19
2007,46
2007,59
2007,5
2007,132
2007,3
2007,56
2007,30
2007,4
2007,13
2007,28
2007,132
2007,78
2007,43
2007,55
2007,78
2007,89
2007,71
2007,42
2007,17
2007,97
2007,77
2007,161
2007,95
2007,108
2007,65
2007,20
2007,49
2007,48
2007,91
2007,24
2007,26
2007,23
2007,32
2007,4
2007,35
2007,6
2007,8
2007,30
2007,108
2007,136
2007,44
2007,126
2007,106
2007,3
2007,57
2007,87
2007,42
2007,13
2007,259
2007,42
2007,70
2007,89
2007,56
2007,60
2007,23
2007,58
2007,64
2007,66
2007,10
2007,4
2007,2
2007,10
2007,4
2007,2
2007,15
2007,134
2007,28
2007,81
2007,79
2007,70
2007,8
2007,74
2007,92
2007,40
2007,237
2007,53
2007,110
2007,71
2007,24
2007,18
2007,20
2007,31
2007,7
2007,150
2007,63
2007,21
2007,23
2007,120
2007,86
2007,73
2007,98
2007,47
2007,23
2007,288
2007,6
2007,8
2007,69
2007,128
2007,68
2007,81
2007,69
2007,31
2007,13
2007,4
2007,70
2007,94
2007,7
2007,100
2007,14
2007,35
2007,72
2007,32
2007,38
2007,70
2007,36
2007,72
2007,14
2007,62
2007,76
2007,66
2007,28
2007,18
2007,70
2007,68
2007,64
2007,49
2007,120
2007,27
2007,48
2007,42
2007,1
2007,36
2007,19
2007,13
2007,5
2007,32
2007,66
2007,105
2007,13
2007,139
2007,30
2007,425
2007,96
2007,84
2007,95
2007,60
2007,45
2007,14
2007,27
2007,69
2007,57
2007,42
2007,45
2007,13
2007,7
2007,67
2007,154
2007,39
2007,19
2007,16
2007,112
2007,89
2007,111
2007,28
2007,70
2007,48
2007,146
2007,52
2007,160
2007,108
2007,48
2007,30
2007,132
2007,50
2007,114
2007,75
2007,99
2007,9
2008,78
2008,58
2008,29
2008,53
2008,124
2008,69
2008,143
2008,22
2008,99
2008,8
2008,44
2008,72
2008,3
2008,66
2008,71
2008,106
2008,55
2008,89
2008,132
2008,2
2008,90
2008,66
2008,85
2008,4
2008,33
2008,56
2008,83
2008,105
2008,88
2008,144
2008,20
2008,33
2008,98
2008,98
2008,38
2008,96
2008,41
2008,19
2008,126
2008,129
2008,84
2008,60
2008,136
2008,107
2008,69
2008,59
2008,97
2008,198
2008,116
2008,138
2008,4
2008,5
2008,39
2008,9
2008,3
2008,31
2008,68
2008,58
2008,105
2008,69
2008,261
2008,119
2008,110
2008,102
2008,21
2008,139
2008,28
2008,88
2008,70
2008,101
2008,48
2008,18
2008,79
2008,35
2008,56
2008,76
2008,38
2008,42
2008,62
2008,120
2008,129
2008,66
2008,5
2008,33
2008,43
2008,55
2008,45
2008,43
2008,30
2008,91
2008,16
2008,22
2008,23
2008,42
2008,4
2008,22
2008,71
2008,74
2008,48
2008,6
2008,35
2008,57
2008,51
2008,93
2008,43
2008,2
2008,2
2008,4
2008,29
2008,51
2008,37
2008,59
2008,79
2008,7
2008,12
2008,50
2008,36
2008,3
2008,6
2008,19
2008,7
2008,66
2008,172
2008,26
2008,54
2008,55
2008,61
2008,50
2008,607
2008,54
2008,16
2008,70
2008,70
2008,43
2008,40
2008,92
2008,20
2008,57
2008,44
2008,82
2008,49
2008,41
2008,107
2008,64
2008,3
2008,10
2008,9
2008,66
2008,17
2008,33
2008,65
2008,4
2008,17
2008,18
2008,20
2008,27
2008,14
2008,43
2008,60
2008,66
2008,50
2008,183
2008,60
2008,82
2008,110
2008,92
2008,55
2008,48
2008,23
2008,124
2008,36
2008,87
2008,74
2008,69
2008,132
2008,104
2008,57
2008,114
2008,151
2008,141
2008,17
2008,46
2008,114
2008,51
2008,93
2008,91
2008,87
2008,99
2008,98
2008,55
2008,2
2008,25
2008,5
2008,70
2008,17
2008,5
2008,53
2008,56
2008,152
2008,84
2008,54
2008,66
2008,58
2008,71
2008,61
2008,30
2008,71
2008,71
2008,75
2008,28
2008,83
2008,56
2008,29
2008,73
2008,77
2008,26
2008,38
2008,34
2008,19
2008,119
2008,38
2008,122
2008,78
2008,184
2008,84
2008,47
2008,73
2008,102
2008,52
2008,35
2008,78
2008,82
2008,49
2008,106
2008,73
2008,3
2008,3
2008,4
2008,7
2008,2
2008,64
2008,46
2008,65
2008,113
2008,180
2008,43
2008,7
2008,4
2008,121
2008,16
2008,19
2008,22
2008,38
2008,182
2008,94
2008,150
2008,99
2008,73
2008,7
2008,3
2008,48
2008,52
2008,121
2008,104
2008,23
2008,6
2008,20
2008,37
2008,48
2008,116
2008,24
2008,26
2008,35
2008,98
2008,86
2008,55
2008,43
2008,113
2008,81
2008,59
2008,51
2008,53
2008,14
2008,18
2008,22
2008,69
2008,14
2008,105
2008,94
2008,58
2008,112
2008,99
2008,18
2008,58
2008,114
2008,95
2008,179
2008,131
2008,62
2008,60
2008,150
2008,106
2008,81
2008,62
2008,105
2008,103
2008,119
2008,58
2008,92
2008,18
2008,49
2008,48
2008,50
2008,43
2008,34
2008,37
2008,56
2008,76
2008,12
2008,89
2008,27
2008,79
2008,64
2008,54
2008,56
2008,89
2008,43
2008,10
2008,14
2008,38
2008,86
2008,110
2008,126
2008,109
2008,91
2008,48
2008,17
2008,70
2008,83
2008,54
2008,17
2008,10
2008,4
2008,18
2008,48
2008,53
2008,7
2008,48
2008,22
2008,56
2008,33
2008,94
2008,68
2008,8
2008,26
2008,6
2008,92
2008,63
2008,71
2008,5
2008,14
2008,53
2008,39
2008,5
2008,44
2008,87
2008,46
2008,16
2008,49
2008,55
2008,26
2008,1
2008,53
2008,39
2008,51
2008,112
2008,37
2008,64
2008,102
2008,73
2008,46
2008,60
2008,146
2008,118
2008,52
2008,24
2008,3
2008,76
2008,40
2008,42
2008,118
2008,2
2008,305
2008,17
2008,93
2008,45
2008,502
2008,31
2008,9
2008,205
2008,42
2008,96
2008,92
2008,56
2008,104
2008,83
2008,65
2008,28
2008,79
2008,31
2008,40
2008,9
2008,8
2008,21
2008,28
2008,10
2008,68
2008,31
2008,54
2008,50
2008,72
2008,71
2008,54
2008,101
2008,75
2008,91
2008,74
2008,131
2008,45
2008,146
2008,35
2008,21
2008,42
2008,47
2008,16
2008,55
2008,39
2008,104
2008,69
2008,42
2008,29
2008,52
2008,69
2008,3
2008,102
2008,4
2008,29
2008,173
2008,84
2008,81
2008,62
2008,128
2008,76
2008,5
2008,2
2008,87
2008,38
2008,58
2008,3
2008,16
2008,13
2008,16
2008,37
2008,88
2008,21
2008,57
2008,52
2008,66
2008,38
2008,92
2008,8
2008,77
2008,8
2008,53
2008,28
2008,7
2008,42
2008,54
2008,112
2008,30
2008,101
2008,90
2008,12
2008,39
2008,40
2008,113
2008,33
2008,40
2008,116
2008,123
2008,93
2008,82
2008,68
2008,88
2008,107
2008,73
2008,29
2008,74
2008,44
2008,26
2008,37
2008,20
2008,4
2008,3
2008,4
2008,30
2008,144
2008,40
2008,83
2008,10
2008,61
2008,33
2008,61
2008,129
2008,95
2008,95
2008,40
2008,38
2008,123
2008,18
2008,63
2008,42
2008,6
2008,124
2008,65
2008,34
2008,100
2008,58
2008,51
2008,97
2008,40
2008,30
2008,81
2008,123
2008,10
2008,51
2008,131
2008,59
2008,15
2008,96
2008,127
2008,109
2008,59
2008,98
2008,41
2008,41
2008,37
2008,54
2008,69
2008,36
2008,69
2008,20
2008,66
2008,83
2008,56
2008,43
2008,83
2008,97
2008,137
2008,81
2008,6
2008,244
2008,7
2008,98
2008,47
2008,80
2008,71
2008,40
2008,7
2008,16
2008,30
2008,260
2008,142
2008,56
2008,99
2008,24
2008,48
2008,28
2008,32
2008,115
2008,87
2008,131
2008,77
2008,41
2008,19
2008,109
2008,24
2008,2
2008,142
2008,56
2008,14
2008,65
2008,2
2008,23
2008,45
2008,98
2008,41
2008,135
2008,68
2008,11
2008,4
2008,7
2008,54
2008,73
2008,30
2008,44
2008,78
2008,64
2008,69
2008,93
2008,124
2008,5
2008,87
2008,36
2008,4
2008,28
2008,72
2008,35
2008,28
2008,65
2008,54
2008,78
2008,83
2008,66
2008,66
2008,21
2008,20
2008,78
2008,168
2008,65
2008,104
2008,71
2008,57
2008,138
2008,124
2008,70
2008,57
2008,115
2008,59
2008,52
2008,236
2008,79
2008,10
2008,42
2008,40
2008,50
2008,75
2008,26
2008,54
2008,15
2008,2
2008,20
2008,214
2008,33
2008,115
2008,163
2008,79
2008,77
2008,106
2008,70
2008,5
2008,80
2008,5
2008,62
2008,43
2008,99
2008,44
2008,214
2008,16
2008,10
2008,40
2008,9
2008,99
2008,45
2008,65
2008,18
2008,67
2008,192
2008,69
2008,5
2008,53
2008,98
2008,62
2008,12
2008,48
2008,61
2008,23
2008,233
2008,59
2008,12
2008,17
2008,26
2008,71
2008,86
2008,25
2008,80
2008,23
2008,84
2008,76
2008,62
2008,18
2008,28
2008,48
2008,91
2008,15
2008,34
2008,95
2008,41
2008,24
2008,54
2008,18
2008,27
2008,16
2008,22
2008,40
2008,35
2008,110
2008,37
2008,4
2008,73
2008,85
2008,27
2008,35
2008,33
2008,63
2008,71
2008,92
2008,63
2008,128
2008,51
2008,59
2008,87
2008,84
2008,10
2008,22
2008,78
2008,103
2008,52
2008,24
2008,77
2008,23
2008,89
2008,23
2008,63
2008,117
2008,62
2008,31
2008,253
2008,28
2008,75
2008,9
2008,31
2008,72
2008,53
2008,57
2008,34
2008,122
2008,3
2008,63
2008,153
2008,114
2008,64
2008,11
2008,72
2008,62
2008,38
2008,22
2008,9
2008,24
2008,3
2008,16
2008,121
2008,115
2008,42
2008,33
2008,19
2008,48
2008,4
2008,55
2008,90
2008,25
2008,18
2008,28
2008,60
2008,170
2008,86
2008,53
2008,84
2008,45
2008,30
2008,94
2008,43
2008,69
2008,10
2008,62
2008,16
2008,73
2008,44
2008,11
2008,90
2008,14
2008,109
2008,10
2008,125
2008,36
2008,97
2008,132
2008,84
2008,98
2008,25
2008,89
2008,19
2008,38
2008,87
2008,83
2008,40
2008,41
2008,43
2008,13
2008,61
2008,2
2008,69
2008,89
2008,97
2008,69
2008,119
2008,71
2008,61
2008,27
2008,10
2008,9
2008,5
2008,57
2008,62
2008,17
2008,44
2008,34
2008,12
2008,38
2008,58
2008,92
2008,98
2008,136
2008,107
2008,9
2008,57
2008,38
2008,26
2008,70
2008,77
2008,55
2008,97
2008,98
2008,91
2008,87
2008,73
2008,54
2008,48
2008,121
2008,47
2008,45
2008,75
2008,102
2008,46
2008,3
2008,39
2008,14
2008,48
2008,38
2008,28
2008,59
2008,142
2008,105
2008,52
2008,145
2008,140
2008,143
2008,54
2008,46
2008,11
2008,12
2008,80
2008,51
2008,75
2008,1
2008,40
2008,4
2008,71
2008,57
2008,25
2008,57
2008,149
2008,160
2008,99
2008,68
2008,30
2008,104
2008,14
2008,57
2008,38
2008,14
2008,29
2008,16
2008,57
2008,34
2008,41
2008,21
2008,4
2008,36
2008,29
2008,33
2008,46
2008,55
2008,129
2008,110
2008,91
2008,38
2008,8
2008,11
2008,65
2008,29
2008,3
2008,43
2008,44
2008,101
2008,35
2008,174
2008,36
2008,86
2008,93
2008,63
2008,33
2008,135
2008,94
2008,66
2008,54
2008,58
2008,46
2008,9
2008,93
2008,45
2008,117
2008,72
2008,55
2008,45
2008,26
2008,125
2008,130
2008,105
2008,102
2008,33
2008,6
2008,140
2008,42
2008,65
2008,16
2008,8
2008,7
2008,24
2008,220
2008,7
2008,55
2008,48
2008,53
2008,95
2008,58
2008,50
2008,29
2008,25
2008,20
2008,2
2008,97
2008,100
2008,30
2008,73
2008,74
2008,3
2008,45
2008,26
2008,98
2008,8
2008,104
2008,41
2008,45
2008,111
2008,82
2008,87
2008,26
2008,39
2008,32
2008,124
2008,88
2008,45
2008,21
2008,77
2008,68
2008,29
2008,7
2008,38
2008,37
2008,99
2008,44
2008,54
2008,109
2008,53
2008,31
2008,47
2008,4
2008,88
2008,79
2008,27
2008,49
2008,68
2008,174
2008,84
2008,51
2008,8
2008,26
2008,82
2008,73
2008,85
2008,63
2008,70
2008,87
2008,30
2008,15
2008,37
2008,62
2008,48
2008,41
2008,131
2008,69
2008,86
2008,41
2008,2
2008,8
2008,128
2008,31
2008,7
2008,49
2008,45
2008,12
2008,22
2008,120
2008,67
2008,24
2008,60
2008,71
2008,48
2008,85
2008,43
2008,30
2008,61
2008,76
2008,61
2008,50
2008,55
2008,102
2008,18
2008,124
2008,28
2008,80
2008,10
2008,39
2008,121
2008,35
2008,11
2008,64
2008,34
2008,17
2008,51
2008,68
2008,99
2008,38
2008,36
2008,8
2008,58
2008,10
2008,90
2008,121
2008,11
2008,5
2008,54
2008,66
2008,13
2008,28
2008,15
2008,2
2008,13
2008,10
2008,46
2008,42
2008,51
2008,60
2008,10
2008,5
2008,60
2008,129
2008,27
2008,48
2008,176
2008,135
2008,75
2008,101
2008,18
2008,93
2008,84
2008,40
2008,36
2008,40
2008,82
2008,25
2008,88
2008,4
2008,10
2008,55
2008,34
2008,66
2008,55
2008,10
2008,7
2008,56
2008,46
2008,33
2008,95
2008,70
2008,130
2008,89
2008,39
2008,7
2008,59
2008,15
2008,21
2008,82
2008,125
2008,64
2008,5
2008,59
2008,119
2008,25
2008,7
2008,11
2008,17
2008,23
2008,86
2008,80
2008,133
2008,84
2008,62
2008,7
2008,3
2008,28
2008,66
2008,4
2008,123
2008,3
2008,92
2008,19
2008,5
2008,140
2008,61
2008,118
2008,92
2008,21
2008,10
2008,34
2008,6
2008,76
2008,61
2008,86
2008,39
2008,64
2008,20
2008,11
2008,76
2008,12
2008,26
2008,16
2008,31
2008,96
2008,67
2008,68
2008,46
2008,75
2008,86
2008,81
2008,42
2008,64
2008,55
2008,161
2008,53
2008,73
2008,114
2008,110
2008,55
2008,133
2008,93
2008,54
2008,147
2008,13
2008,26
2008,36
2008,68
2008,113
2008,50
2008,45
2008,59
2008,80
2008,22
2008,41
2008,157
2008,92
2008,42
2008,49
2008,34
2008,57
2008,18
2008,14
2008,12
2008,2
2008,31
2008,65
2008,80
2008,73
2008,97
2008,128
2008,53
2008,69
2008,79
2008,88
2008,14
2008,38
2008,18
2008,32
2008,53
2008,39
2008,73
2008,97
2008,127
2008,74
2008,114
2008,43
2008,79
2008,54
2008,68
2008,99
2008,99
2008,29
2008,27
2008,68
2008,92
2008,116
2008,14
2008,44
2008,57
2008,53
2008,28
2008,78
2008,86
2008,67
2008,16
2008,42
2008,80
2008,18
2008,110
2008,90
2008,59
2008,33
2008,82
2008,114
2008,84
2008,162
2008,56
2008,85
2008,13
2008,58
2008,311
2008,37
2008,13
2008,159
2008,107
2008,22
2008,67
2008,76
2008,38
2008,131
2008,90
2008,148
2008,50
2008,8
2008,24
2008,4
2008,71
2008,93
2008,92
2008,115
2008,42
2008,30
2008,101
2008,14
2008,78
2008,68
2008,103
2008,64
2008,53
2008,6
2008,19
2008,27
2008,127
2008,113
2008,29
2008,110
2008,101
2008,84
2008,50
2008,50
2008,46
2008,154
2008,90
2008,119
2008,77
2008,44
2008,66
2008,122
2008,55
2008,157
2008,67
2008,58
2008,54
2008,24
2008,56
2008,43
2008,208
2008,146
2008,114
2008,68
2008,7
2008,92
2008,49
2008,40
2008,81
2008,7
2008,10
2008,2
2008,29
2008,77
2008,11
2008,61
2008,4
2008,2
2008,69
2008,61
2008,13
2008,79
2008,74
2008,14
2008,113
2008,143
2008,94
2008,190
2008,73
2008,113
2008,126
2008,60
2008,165
2008,49
2008,47
2008,208
2008,10
2008,81
2008,58
2008,80
2008,55
2008,55
2008,11
2008,67
2008,31
2008,8
2008,40
2008,68
2008,43
2008,78
2008,46
2008,14
2008,250
2008,82
2008,2
2008,18
2008,62
2008,91
2008,21
2008,74
2008,78
2008,91
2008,120
2008,102
2008,99
2008,44
2008,17
2008,346
2008,104
2008,209
2008,99
2008,189
2008,66
2009,8
2009,1
2009,100
2009,56
2009,89
2009,38
2009,65
2009,74
2009,50
2009,5
2009,59
2009,70
2009,36
2009,13
2009,37
2009,3
2009,66
2009,121
2009,9
2009,54
2009,80
2009,66
2009,36
2009,50
2009,106
2009,114
2009,4
2009,27
2009,78
2009,93
2009,160
2009,127
2009,68
2009,110
2009,56
2009,21
2009,126
2009,46
2009,114
2009,38
2009,55
2009,125
2009,110
2009,80
2009,16
2009,88
2009,122
2009,14
2009,4
2009,53
2009,2
2009,34
2009,17
2009,6
2009,69
2009,3
2009,51
2009,181
2009,71
2009,110
2009,95
2009,145
2009,119
2009,179
2009,127
2009,101
2009,67
2009,124
2009,100
2009,47
2009,90
2009,77
2009,143
2009,46
2009,134
2009,112
2009,183
2009,116
2009,122
2009,122
2009,30
2009,11
2009,109
2009,41
2009,115
2009,112
2009,44
2009,4
2009,24
2009,51
2009,73
2009,89
2009,107
2009,144
2009,63
2009,85
2009,29
2009,28
2009,28
2009,29
2009,97
2009,65
2009,8
2009,18
2009,72
2009,114
2009,27
2009,63
2009,11
2009,63
2009,68
2009,68
2009,55
2009,89
2009,121
2009,85
2009,103
2009,109
2009,39
2009,65
2009,1
2009,4
2009,4
2009,70
2009,42
2009,11
2009,53
2009,53
2009,2
2009,36
2009,92
2009,25
2009,53
2009,125
2009,72
2009,63
2009,141
2009,105
2009,23
2009,55
2009,140
2009,36
2009,68
2009,164
2009,121
2009,59
2009,112
2009,156
2009,77
2009,93
2009,39
2009,73
2009,107
2009,48
2009,569
2009,16
2009,159
2009,63
2009,85
2009,51
2009,96
2009,39
2009,68
2009,66
2009,76
2009,4
2009,65
2009,121
2009,53
2009,58
2009,97
2009,6
2009,44
2009,77
2009,27
2009,49
2009,30
2009,228
2009,96
2009,85
2009,39
2009,13
2009,103
2009,23
2009,16
2009,47
2009,70
2009,60
2009,62
2009,132
2009,96
2009,105
2009,70
2009,81
2009,17
2009,45
2009,57
2009,45
2009,49
2009,68
2009,4
2009,33
2009,40
2009,44
2009,87
2009,49
2009,60
2009,113
2009,22
2009,107
2009,36
2009,97
2009,80
2009,21
2009,255
2009,55
2009,54
2009,47
2009,51
2009,113
2009,22
2009,93
2009,94
2009,88
2009,31
2009,54
2009,11
2009,126
2009,12
2009,37
2009,127
2009,102
2009,6
2009,73
2009,65
2009,66
2009,11
2009,84
2009,109
2009,65
2009,84
2009,71
2009,81
2009,50
2009,54
2009,41
2009,55
2009,2
2009,86
2009,23
2009,40
2009,61
2009,93
2009,15
2009,27
2009,94
2009,102
2009,117
2009,80
2009,47
2009,49
2009,50
2009,64
2009,74
2009,86
2009,44
2009,84
2009,94
2009,51
2009,75
2009,87
2009,31
2009,108
2009,103
2009,114
2009,178
2009,34
2009,57
2009,29
2009,108
2009,163
2009,119
2009,2
2009,70
2009,4
2009,2
2009,93
2009,97
2009,112
2009,30
2009,23
2009,33
2009,45
2009,85
2009,83
2009,161
2009,51
2009,32
2009,24
2009,35
2009,106
2009,9
2009,88
2009,84
2009,37
2009,39
2009,117
2009,148
2009,101
2009,135
2009,72
2009,34
2009,428
2009,41
2009,65
2009,70
2009,135
2009,119
2009,191
2009,117
2009,67
2009,83
2009,63
2009,87
2009,111
2009,89
2009,8
2009,77
2009,65
2009,40
2009,64
2009,114
2009,83
2009,29
2009,75
2009,95
2009,75
2009,154
2009,114
2009,90
2009,40
2009,42
2009,57
2009,152
2009,139
2009,118
2009,121
2009,145
2009,29
2009,60
2009,21
2009,63
2009,92
2009,12
2009,9
2009,41
2009,145
2009,89
2009,43
2009,32
2009,13
2009,6
2009,88
2009,31
2009,70
2009,84
2009,102
2009,44
2009,246
2009,87
2009,49
2009,20
2009,39
2009,42
2009,96
2009,47
2009,68
2009,63
2009,90
2009,89
2009,8
2009,286
2009,24
2009,21
2009,15
2009,94
2009,4
2009,5
2009,101
2009,96
2009,69
2009,41
2009,2
2009,79
2009,128
2009,18
2009,77
2009,42
2009,58
2009,58
2009,36
2009,65
2009,85
2009,11
2009,114
2009,63
2009,132
2009,212
2009,58
2009,72
2009,90
2009,39
2009,18
2009,50
2009,34
2009,55
2009,82
2009,47
2009,57
2009,42
2009,73
2009,154
2009,41
2009,54
2009,98
2009,44
2009,1
2009,5
2009,33
2009,123
2009,46
2009,68
2009,18
2009,20
2009,63
2009,96
2009,3
2009,3
2009,37
2009,170
2009,90
2009,77
2009,41
2009,29
2009,76
2009,47
2009,23
2009,59
2009,93
2009,77
2009,103
2009,106
2009,2
2009,95
2009,91
2009,64
2009,73
2009,75
2009,68
2009,72
2009,135
2009,90
2009,53
2009,32
2009,76
2009,157
2009,63
2009,37
2009,1
2009,134
2009,59
2009,8
2009,1
2009,46
2009,86
2009,1
2009,50
2009,120
2009,1
2009,36
2009,103
2009,111
2009,102
2009,208
2009,98
2009,30
2009,15
2009,108
2009,17
2009,38
2009,56
2009,41
2009,21
2009,1
2009,1
2009,1
2009,13
2009,1
2009,38
2009,34
2009,43
2009,34
2009,12
2009,89
2009,87
2009,55
2009,198
2009,39
2009,146
2009,96
2009,43
2009,54
2009,125
2009,110
2009,80
2009,118
2009,118
2009,50
2009,81
2009,34
2009,210
2009,16
2009,43
2009,56
2009,106
2009,53
2009,96
2009,106
2009,86
2009,15
2009,28
2009,92
2009,35
2009,38
2009,52
2009,88
2009,65
2009,41
2009,24
2009,96
2009,43
2009,100
2009,52
2009,34
2009,43
2009,27
2009,58
2009,34
2009,62
2009,29
2009,8
2009,11
2009,3
2009,29
2009,8
2009,20
2009,43
2009,55
2009,114
2009,85
2009,59
2009,52
2009,45
2009,46
2009,78
2009,116
2009,141
2009,107
2009,5
2009,90
2009,78
2009,49
2009,44
2009,90
2009,96
2009,80
2009,112
2009,54
2009,40
2009,13
2009,23
2009,59
2009,155
2009,161
2009,71
2009,13
2009,22
2009,38
2009,55
2009,116
2009,70
2009,123
2009,33
2009,58
2009,61
2009,78
2009,53
2009,14
2009,26
2009,301
2009,34
2009,141
2009,100
2009,48
2009,118
2009,77
2009,99
2009,33
2009,24
2009,91
2009,28
2009,30
2009,9
2009,24
2009,25
2009,20
2009,10
2009,18
2009,34
2009,46
2009,52
2009,9
2009,23
2009,38
2009,67
2009,76
2009,60
2009,76
2009,50
2009,133
2009,57
2009,61
2009,65
2009,39
2009,60
2009,185
2009,81
2009,63
2009,73
2009,7
2009,40
2009,26
2009,10
2009,180
2009,57
2009,5
2009,42
2009,105
2009,11
2009,41
2009,21
2009,68
2009,28
2009,89
2009,63
2009,74
2009,32
2009,58
2009,50
2009,51
2009,118
2009,33
2009,153
2009,74
2009,96
2009,13
2009,194
2009,274
2009,98
2009,46
2009,111
2009,49
2009,80
2009,36
2009,102
2009,38
2009,93
2009,91
2009,104
2009,136
2009,32
2009,94
2009,118
2009,67
2009,11
2009,45
2009,4
2009,358
2009,40
2009,90
2009,123
2009,2
2009,13
2009,39
2009,31
2009,127
2009,17
2009,3
2009,56
2009,16
2009,9
2009,17
2009,80
2009,91
2009,79
2009,53
2009,103
2009,30
2009,3
2009,35
2009,71
2009,136
2009,165
2009,75
2009,15
2009,6
2009,48
2009,73
2009,6
2009,7
2009,59
2009,38
2009,63
2009,15
2009,60
2009,48
2009,25
2009,28
2009,115
2009,66
2009,145
2009,116
2009,73
2009,136
2009,101
2009,99
2009,29
2009,81
2009,114
2009,86
2009,73
2009,101
2010,136
2010,75
2010,118
2010,37
2010,116
2010,37
2010,50
2010,123
2010,89
2010,111
2010,61
2010,85
2010,152
2010,80
2010,93
2010,12
2010,24
2010,82
2010,37
2010,19
2010,122
2010,58
2010,72
2010,132
2010,10
2010,47
2010,19
2010,55
2010,60
2010,89
2010,57
2010,25
2010,79
2010,86
2010,48
2010,67
2010,68
2010,79
2010,92
2010,79
2010,96
2010,71
2010,68
2010,48
2010,11
2010,151
2010,76
2010,95
2010,105
2010,3
2010,84
2010,49
2010,9
2010,42
2010,123
2010,114
2010,15
2010,3
2010,130
2010,34
2010,129
2010,89
2010,155
2010,75
2010,21
2010,63
2010,81
2010,66
2010,16
2010,13
2010,105
2010,91
2010,58
2010,71
2010,100
2010,105
2010,69
2010,236
2010,99
2010,49
2010,8
2010,58
2010,110
2010,68
2010,85
2010,193
2010,63
2010,46
2010,128
2010,72
2010,6
2010,46
2010,36
2010,8
2010,47
2010,77
2010,82
2010,109
2010,37
2010,35
2010,23
2010,78
2010,63
2010,8
2010,82
2010,38
2010,15
2010,74
2010,41
2010,30
2010,10
2010,48
2010,7
2010,140
2010,6
2010,29
2010,13
2010,10
2010,94
2010,8
2010,49
2010,33
2010,12
2010,2
2010,59
2010,51
2010,50
2010,137
2010,80
2010,39
2010,69
2010,70
2010,322
2010,42
2010,2
2010,70
2010,135
2010,80
2010,98
2010,49
2010,99
2010,40
2010,75
2010,27
2010,63
2010,19
2010,77
2010,101
2010,71
2010,100
2010,31
2010,75
2010,79
2010,159
2010,102
2010,37
2010,19
2010,165
2010,16
2010,77
2010,9
2010,22
2010,42
2010,47
2010,24
2010,75
2010,3
2010,19
2010,34
2010,47
2010,14
2010,5
2010,7
2010,34
2010,50
2010,39
2010,7
2010,58
2010,71
2010,72
2010,76
2010,72
2010,2
2010,2
2010,2
2010,31
2010,107
2010,35
2010,2
2010,3
2010,20
2010,25
2010,15
2010,49
2010,2
2010,2
2010,2
2010,18
2010,113
2010,50
2010,3
2010,59
2010,9
2010,96
2010,61
2010,78
2010,4
2010,2
2010,15
2010,41
2010,99
2010,113
2010,71
2010,6
2010,19
2010,35
2010,41
2010,114
2010,72
2010,40
2010,91
2010,70
2010,143
2010,139
2010,105
2010,91
2010,134
2010,90
2010,96
2010,82
2010,81
2010,34
2010,2
2010,44
2010,9
2010,67
2010,47
2010,34
2010,76
2010,38
2010,34
2010,58
2010,88
2010,112
2010,89
2010,37
2010,51
2010,48
2010,56
2010,4
2010,6
2010,2
2010,2
2010,2
2010,57
2010,134
2010,146
2010,67
2010,74
2010,132
2010,128
2010,75
2010,141
2010,16
2010,3
2010,27
2010,78
2010,107
2010,27
2010,26
2010,16
2010,64
2010,86
2010,69
2010,3
2010,21
2010,33
2010,76
2010,2
2010,2
2010,2
2010,150
2010,123
2010,86
2010,65
2010,65
2010,34
2010,9
2010,6
2010,12
2010,22
2010,24
2010,45
2010,26
2010,4
2010,2
2010,100
2010,149
2010,104
2010,47
2010,38
2010,44
2010,39
2010,64
2010,8
2010,213
2010,63
2010,31
2010,21
2010,5
2010,337
2010,33
2010,59
2010,53
2010,36
2010,142
2010,88
2010,89
2010,32
2010,3
2010,3
2010,3
2010,3
2010,18
2010,43
2010,19
2010,20
2010,73
2010,43
2010,99
2010,35
2010,6
2010,23
2010,19
2010,39
2010,163
2010,142
2010,31
2010,23
2010,19
2010,39
2010,163
2010,142
2010,31
2010,32
2010,57
2010,63
2010,99
2010,2
2010,2
2010,2
2010,4
2010,52
2010,77
2010,54
2010,140
2010,26
2010,87
2010,69
2010,62
2010,82
2010,85
2010,54
2010,25
2010,51
2010,48
2010,39
2010,103
2010,101
2010,60
2010,27
2010,74
2010,65
2010,13
2010,46
2010,89
2010,80
2010,41
2010,27
2010,8
2010,22
2010,66
2010,70
2010,75
2010,111
2010,13
2010,37
2010,112
2010,58
2010,77
2010,22
2010,134
2010,6
2010,38
2010,32
2010,3
2010,3
2010,80
2010,4
2010,53
2010,64
2010,55
2010,89
2010,50
2010,25
2010,37
2010,87
2010,96
2010,97
2010,82
2010,25
2010,21
2010,77
2010,34
2010,51
2010,134
2010,59
2010,46
2010,16
2010,62
2010,92
2010,122
2010,2
2010,47
2010,53
2010,49
2010,68
2010,82
2010,37
2010,2
2010,40
2010,89
2010,43
2010,97
2010,122
2010,47
2010,127
2010,178
2010,76
2010,87
2010,198
2010,61
2010,50
2010,12
2010,58
2010,34
2010,66
2010,143
2010,31
2010,72
2010,67
2010,76
2010,87
2010,82
2010,146
2010,113
2010,14
2010,111
2010,143
2010,84
2010,134
2010,98
2010,93
2010,61
2010,136
2010,56
2010,107
2010,178
2010,112
2010,158
2010,55
2010,103
2010,121
2010,73
2010,76
2010,43
2010,43
2010,106
2010,63
2010,28
2011,60
2011,15
2011,2
2011,2
2011,2
2011,106
2011,94
2011,103
2011,62
2011,60
2011,11
2011,55
2011,67
2011,84
2011,97
2011,72
2011,61
2011,73
2011,37
2011,44
2011,83
2011,75
2011,28
2011,13
2011,76
2011,58
2011,7
2011,47
2011,65
2011,55
2011,41
2011,112
2011,181
2011,2
2011,17
2011,113
2011,3
2011,163
2011,35
2011,90
2011,28
2011,144
2011,36
2011,20
2011,31
2011,13
2011,116
2011,61
2011,65
2011,85
2011,59
2011,72
2011,138
2011,53
2011,76
2011,54
2011,141
2011,79
2011,21
2011,37
2011,3
2011,93
2011,62
2011,3
2011,74
2011,116
2011,137
2011,95
2011,2
2011,176
2011,46
2011,5
2011,202
2011,159
2011,44
2011,18
2011,88
2011,94
2011,119
2011,17
2011,109
2011,124
2011,14
2011,6
2011,16
2011,7
2011,4
2011,85
2011,78
2011,88
2011,97
2011,50
2011,18
2011,105
2011,115
2011,86
2011,102
2011,118
2011,143
2011,87
2011,88
2011,83
2011,197
2011,61
2011,180
2011,156
2011,43
2011,8
2011,98
2011,112
2011,48
2011,88
2011,83
2011,13
2011,32
2011,8
2011,70
2011,56
2011,9
2011,87
2011,13
2011,3
2011,8
2011,131
2011,41
2011,6
2011,79
2011,64
2011,8
2011,178
2011,144
2011,231
2011,65
2011,126
2011,11
2011,70
2011,120
2011,59
2011,162
2011,6
2011,104
2011,159
2011,33
2011,5
2011,159
2011,113
2011,8
2011,23
2011,17
2011,145
2011,16
2011,31
2011,29
2011,16
2011,163
2011,115
2011,127
2011,84
2011,64
2011,25
2011,104
2011,13
2011,58
2011,69
2011,133
2011,8
2011,143
2011,9
2011,127
2011,101
2011,22
2011,197
2011,6
2011,25
2011,11
2011,65
2011,20
2011,8
2011,12
2011,66
2011,12
2011,27
2011,222
2011,12
2011,56
2011,33
2011,15
2011,4
2011,13
2011,119
2011,180
2011,37
2011,213
2011,17
2011,33
2011,21
2011,91
2011,48
2011,142
2011,203
2011,145
2011,14
2011,78
2011,172
2011,35
2011,40
2011,104
2011,21
2011,121
2011,203
2011,17
2011,9
2011,69
2011,108
2011,9
2011,36
2011,33
2011,9
2011,20
2011,4
2011,155
2011,37
2011,29
2011,16
2011,7
2011,17
2011,27
2011,129
2011,24
2011,8
2011,31
2011,77
2011,23
2011,12
2011,9
2011,98
2011,28
2011,32
2011,24
2011,86
2011,9
2011,12
2011,8
2011,8
2011,9
2011,97
2011,9
2011,15
2011,16
2011,33
2011,103
2011,103
2011,5
2011,16
2011,44
2011,11
2011,47
2011,4
2011,17
2011,51
2011,21
2011,22
2011,9
2011,23
2011,11
2011,80
2011,33
2011,20
2011,10
2011,4
2011,8
2011,9
2011,13
2011,3
2011,33
2011,37
2011,32
2011,68
2011,27
2011,7
2011,100
2011,83
2011,21
2011,46
2011,73
2011,12
2011,22
2011,23
2011,11
2011,54
2011,11
2011,46
2011,68
2011,26
2011,33
2011,5
2011,9
2011,26
2011,83
2011,9
2011,74
2011,8
2011,12
2011,2
2011,4
2011,13
2011,3
2011,48
2011,74
2011,9
2011,5
2011,3
2011,7
2011,8
2011,12
2011,8
2011,5
2011,3
2011,3
2011,3
2011,77
2011,40
2011,4
2011,3
2011,70
2011,62
2011,141
2011,38
2011,73
2011,75
2011,69
2011,75
2011,8
2011,21
2011,99
2011,150
2011,54
2011,50
2011,45
2011,43
2011,24
2011,3
2011,12
2011,11
2011,37
2011,23
2011,3
2011,10
2011,14
2011,31
2011,7
2011,69
2011,25
2011,37
2011,12
2011,8
2011,32
2011,27
2011,79
2011,4
2011,9
2011,31
2011,16
2011,50
2011,78
2011,31
2011,43
2011,72
2011,105
2011,157
2011,50
2011,57
2011,102
2011,113
2011,71
2011,59
2011,93
2011,74
2011,109
2011,78
2011,73
2011,122
2011,19
2011,38
2011,421
2011,122
2011,76
2011,26
2011,5
2011,27
2011,123
2011,117
2011,80
2011,55
2011,21
2011,62
2011,16
2011,6
2011,29
2011,19
2011,32
2011,73
2011,18
2011,69
2011,80
2011,38
2011,56
2011,53
2011,64
2011,50
2011,9
2011,55
2011,172
2011,71
2011,37
2011,112
2011,103
2011,47
2011,63
2011,69
2011,62
2011,127
2011,20
2011,82
2011,62
2011,70
2011,95
2011,54
2011,56
2011,107
2011,50
2011,108
2011,60
2011,98
2011,160
2011,145
2011,132
2011,191
2011,69
2011,158
2011,103
2011,157
2011,54
2011,90
2011,9
2011,48
2011,88
2011,97
2011,83
2011,8
2011,22
2011,179
2011,62
2011,64
2011,86
2011,131
2011,122
2011,76
2011,37
2011,104
2011,39
2011,124
2011,38
2011,103
2011,44
2011,95
2011,72
2011,86
2011,95
2011,138
2011,105
2011,50
2011,135
2011,15
2011,747
2011,91
2011,63
2011,20
2011,106
2011,6
2011,26
2011,42
2011,49
2011,57
2011,74
2011,70
2011,158
2011,37
2011,125
2011,89
2011,33
2011,53
2011,77
2011,51
2011,29
2011,44
2011,69
2011,71
2011,2
2011,182
2011,95
2011,5
2011,40
2011,86
2011,80
2011,71
2011,41
2011,6
2011,89
2011,70
2011,96
2011,31
2011,43
2011,5
2011,41
2011,148
2011,173
2011,104
2011,66
2011,99
2011,77
2011,35
2011,21
2011,33
2011,82
2011,47
2011,10
2011,9
2011,17
2011,37
2011,5
2011,6
2011,8
2011,11
2011,4
2011,96
2011,69
2011,96
2011,32
2011,120
2011,62
2012,6
2012,33
2012,50
2012,61
2012,34
2012,42
2012,162
2012,92
2012,73
2012,108
2012,56
2012,32
2012,7
2012,19
2012,161
2012,77
2012,147
2012,51
2012,42
2012,62
2012,47
2012,12
2012,14
2012,77
2012,61
2012,49
2012,46
2012,65
2012,24
2012,22
2012,60
2012,101
2012,60
2012,38
2012,68
2012,160
2012,94
2012,140
2012,41
2012,96
2012,93
2012,120
2012,123
2012,59
2012,66
2012,26
2012,26
2012,73
2012,77
2012,102
2012,3
2012,29
2012,7
2012,46
2012,85
2012,94
2012,116
2012,36
2012,68
2012,30
2012,30
2012,48
2012,10
2012,110
2012,117
2012,24
2012,77
2012,23
2012,49
2012,133
2012,13
2012,16
2012,78
2012,2
2012,30
2012,45
2012,70
2012,54
2012,10
2012,27
2012,151
2012,29
2012,64
2012,186
2012,71
2012,98
2012,41
2012,40
2012,16
2012,16
2012,116
2012,12
2012,163
2012,125
2012,130
2012,60
2012,11
2012,40
2012,43
2012,84
2012,141
2012,6
2012,126
2012,11
2012,61
2012,161
2012,48
2012,10
2012,12
2012,232
2012,104
2012,120
2012,70
2012,124
2012,12
2012,3
2012,121
2012,35
2012,143
2012,2
2012,79
2012,86
2012,51
2012,125
2012,9
2012,77
2012,97
2012,8
2012,113
2012,12
2012,31
2012,106
2012,4
2012,76
2012,30
2012,54
2012,121
2012,66
2012,94
2012,118
2012,13
2012,16
2012,24
2012,3
2012,66
2012,3
2012,62
2012,89
2012,43
2012,44
2012,112
2012,59
2012,112
2012,142
2012,29
2012,77
2012,126
2012,56
2012,107
2012,55
2012,87
2012,59
2012,44
2012,54
2012,20
2012,83
2012,45
2012,87
2012,82
2012,46
2012,43
2012,125
2012,70
2012,54
2012,93
2012,100
2012,150
2012,138
2012,113
2012,43
2012,26
2012,64
2012,59
2012,69
2012,42
2012,99
2012,4
2012,41
2012,112
2012,150
2012,91
2012,36
2012,58
2012,25
2012,101
2012,132
2012,102
2012,131
2012,172
2012,117
2012,90
2012,83
2012,81
2012,103
2012,37
2012,53
2012,124
2012,116
2012,9
2012,132
2012,83
2012,13
2012,72
2012,37
2012,103
2012,107
2012,158
2012,73
2012,90
2012,55
2012,44
2012,80
2012,42
2012,60
2012,30
2012,40
2012,23
2012,140
2012,92
2012,49
2012,57
2012,45
2012,52
2012,98
2012,155
2012,147
2012,91
2012,90
2012,89
2012,75
2012,26
2012,69
2012,95
2012,56
2012,93
2012,116
2012,126
2012,52
2012,109
2012,459
2012,15
2012,64
2012,113
2012,42
2012,4
2012,8
2012,2
2012,23
2012,6
2012,89
2012,23
2012,96
2012,76
2012,72
2012,208
2012,32
2012,12
2012,68
2012,50
2012,21
2012,9
2012,61
2012,95
2012,118
2012,11
2012,4
2012,58
2012,164
2012,83
2012,60
2012,97
2012,11
2012,93
2012,40
2012,100
2012,94
2012,55
2012,131
2012,81
2012,21
2012,40
2012,19
2012,4
2012,11
2012,18
2012,4
2012,46
2012,124
2012,81
2012,125
2012,97
2012,54
2012,74
2012,53
2012,68
2012,211
2012,36
2012,26
2012,52
2012,85
2012,7
2012,131
2012,48
2012,58
2012,70
2012,14
2012,69
2012,34
2012,90
2012,26
2012,64
2012,38
2012,90
2012,124
2012,63
2012,77
2012,53
2012,112
2012,114
2012,91
2012,49
2012,57
2012,43
2012,60
2012,35
2012,15
2012,27
2012,11
2012,61
2012,16
2012,60
2013,51
2013,34
2013,45
2013,104
2013,71
2013,65
2013,84
2013,144
2013,40
2013,39
2013,46
2013,17
2013,11
2013,46
2013,36
2013,75
2013,157
2013,139
2013,32
2013,22
2013,88
2013,129
2013,185
2013,25
2013,37
2013,62
2013,12
2013,69
2013,95
2013,123
2013,203
2013,37
2013,54
2013,42
2013,113
2013,151
2013,48
2013,14
2013,26
2013,21
2013,73
2013,80
2013,41
2013,63
2013,67
2013,43
2013,34
2013,103
2013,69
2013,55
2013,51
2013,41
2013,56
2013,19
2013,89
2013,12
2013,5
2013,5
2013,76
2013,137
2013,106
2013,101
2013,140
2013,42
2013,3
2013,7
2013,7
2013,65
2013,116
2013,18
2013,7
2013,71
2013,48
2013,35
2013,82
2013,19
2013,48
2013,37
2013,67
2013,6
2013,63
2013,40
2013,3
2013,16
2013,7
2013,8
2013,90
2013,12
2013,45
2013,43
2013,284
2013,68
2013,15
2013,76
2013,41
2013,39
2013,304
2013,20
2013,8
2013,22
2013,65
2013,69
2013,91
2013,71
2013,64
2013,50
2013,129
2013,66
2013,82
2013,32
2013,74
2013,86
2013,64
2013,37
2013,25
2013,27
2013,24
2013,82
2013,14
2013,64
2013,41
2013,2
2013,3
2013,7
2013,8
2013,49
2013,87
2013,110
2013,45
2013,36
2013,3
2013,48
2013,41
2013,53
2013,51
2013,38
2013,54
2013,3
2013,317
2013,8
2013,18
2013,20
2013,21
2013,20
2013,12
2013,43
2013,51
2013,39
2013,55
2013,14
2013,30
2013,37
2013,85
2013,159
2013,89
2013,7
2013,144
2013,164
2013,52
2013,53
2013,31
2013,42
2013,74
2013,68
2013,91
2013,48
2013,44
2013,10
2013,5
2013,49
2013,76
2013,75
2013,27
2013,11
2013,39
2013,73
2013,64
2013,49
2013,4
2013,41
2013,96
2013,67
2013,76
2013,49
2013,26
2013,208
2013,51
2013,27
2013,63
2013,83
2013,100
2013,124
2013,48
2013,61
2013,77
2013,60
2013,129
2013,142
2013,54
2013,19
2013,109
2013,70
2013,65
2013,157
2013,16
2013,33
2013,72
2013,2
2013,49
2013,39
2013,74
2013,47
2013,39
2013,3
2013,12
2013,4
2013,22
2013,8
2013,28
2013,41
2013,3
2013,27
2013,36
2013,44
2013,5
2013,57
2013,69
2013,92
2013,92
2013,27
2013,45
2013,15
2013,49
2013,2
2013,13
2013,21
2013,46
2013,17
2013,8
2013,34
2013,32
2013,6
2013,9
2013,35
2013,16
2013,13
2013,47
2013,56
2013,44
2013,92
2013,71
2013,35
2013,42
2013,42
2013,1
2013,20
2013,20
2013,130
2013,167
2013,102
2013,96
2013,24
2013,41
2013,83
2013,42
2013,26
2013,11
2013,31
2013,51
2013,86
2013,53
2013,42
2013,61
2013,58
2013,56
2013,73
2013,64
2013,64
2013,11
2013,3
2013,3
2013,121
2013,7
2013,6
2013,20
2013,128
2013,42
2013,20
2013,71
2013,57
2013,51
2013,33
2013,112
2013,103
2013,109
2013,64
2013,30
2013,115
2013,95
2013,11
2013,86
2013,164
2013,74
2013,20
2013,68
2013,93
2013,59
2013,180
2013,10
2013,14
2013,4
2013,17
2013,26
2013,5
2013,6
2013,69
2013,32
2013,29
2013,2
2013,96
2013,7
2013,31
2013,58
2013,17
2013,59
2013,60
2013,34
2013,61
2013,49
2013,79
2013,106
2013,62
2013,5
2013,5
2013,308
2013,84
2013,35
2013,39
2013,60
2013,6
2013,4
2013,18
2013,4
2013,48
2013,12
2013,4
2013,92
2013,54
2013,69
2013,89
2013,35
2013,93
2013,57
2013,84
2013,24
2013,37
2013,62
2013,10
2013,22
2013,30
2013,16
2013,92
2013,55
2013,71
2013,89
2013,35
2013,93
2013,78
2013,55
2013,89
2013,26
2013,4
2013,65
2013,125
2013,34
2013,39
2013,53
2013,33
2013,33
2013,71
2013,80
2013,57
2013,5
2013,3
2013,30
2013,45
2013,81
2013,46
2013,77
2013,69
2013,44
2013,18
2013,11
2013,43
2013,6
2013,1
2013,98
2013,23
2013,55
2013,72
2013,121
2013,39
2013,1
2013,59
2013,54
2013,47
2013,99
2013,51
2013,16
2013,8
2013,20
2013,3
2013,73
2013,83
2013,92
2013,31
2013,13
2013,13
2013,6
2013,6
2013,7
2013,41
2013,66
2013,35
2013,77
2013,60
2013,39
2013,22
2013,33
2013,33
2013,62
2013,59
2013,20
2013,54
2013,29
2013,9
2013,46
2013,298
2013,92
2013,72
2013,50
2013,121
2013,60
2013,72
2013,58
2013,28
2013,17
2013,130
2013,49
2013,34
2013,6
2013,47
2013,31
2013,62
2013,11
2013,32
2013,15
2013,69
2013,45
2013,7
2013,2
2013,44
2013,108
2013,40
2013,113
2013,72
2013,32
2013,146
2013,74
2013,110
2013,79
2013,6
2013,8
2013,91
2013,44
2013,40
2013,6
2013,28
2013,31
2013,40
2013,17
2013,6
2013,50
2013,86
2013,70
2013,58
2013,54
2013,2
2013,59
2013,40
2013,49
2013,453
2013,39
2013,18
2013,98
2013,31
2013,12
2013,69
2013,6
2013,32
2013,56
2013,95
2013,7
2013,4
2013,60
2013,39
2013,75
2013,66
2013,49
2013,3
2013,104
2013,57
2013,18
2013,48
2013,2
2013,9
2013,9
2014,6
2014,8
2014,13
2014,63
2014,24
2014,62
2014,108
2014,17
2014,16
2014,177
2014,15
2014,57
2014,49
2014,47
2014,64
2014,65
2014,29
2014,17
2014,45
2014,38
2014,62
2014,43
2014,53
2014,59
2014,38
2014,8
2014,10
2014,6
2014,8
2014,100
2014,85
2014,43
2014,68
2014,61
2014,34
2014,70
2014,67
2014,46
2014,61
2014,12
2014,28
2014,21
2014,49
2014,49
2014,66
2014,115
2014,47
2014,39
2014,17
2014,59
2014,116
2014,63
2014,21
2014,4
2014,69
2014,52
2014,87
2014,40
2014,90
2014,51
2014,74
2014,115
2014,73
2014,46
2014,22
2014,67
2014,51
2014,78
2014,41
2014,41
2014,37
2014,21
2014,3
2014,8
2014,19
2014,13
2014,110
2014,6
2014,45
2014,63
2014,111
2014,80
2014,49
2014,84
2014,64
2014,83
2014,93
2014,119
2014,74
2014,104
2014,10
2014,188
2014,55
2014,46
2014,60
2014,19
2014,863
2014,27
2014,51
2014,17
2014,21
2014,100
2014,44
2014,8
2014,36
2014,75
2014,107
2014,13
2014,42
2014,49
2014,75
2014,145
2014,19
2014,93
2014,35
2014,109
2014,95
2014,54
2014,133
2014,73
2014,64
2014,66
2014,47
2014,103
2014,76
2014,57
2014,74
2014,34
2014,250
2014,119
2014,55
2014,65
2014,114
2014,142
2014,80
2014,69
2014,62
2014,100
2014,102
2014,70
2014,4
2014,20
2014,89
2014,67
2014,41
2014,11
2014,73
2014,29
2014,21
2014,47
2014,62
2014,75
2014,46
2014,40
2014,303
2014,49
2014,101
2014,36
2014,67
2014,21
2014,21
2014,73
2014,3
2014,51
2014,45
2014,58
2014,42
2014,44
2014,14
2014,27
2014,14
2014,28
2014,112
2014,61
2014,107
2014,70
2014,62
2014,29
2014,61
2014,73
2014,28
2014,46
2014,31
2014,375
2014,50
2014,26
2014,41
2014,18
2014,19
2014,2
2014,43
2014,44
2014,2
2014,30
2014,3
2014,46
2014,55
2014,73
2014,93
2014,112
2014,32
2014,94
2014,35
2014,89
2014,98
2014,5
2014,28
2014,92
2014,63
2014,36
2014,48
2014,73
2014,60
2014,42
2014,116
2014,45
2014,40
2014,8
2014,29
2014,52
2014,11
2014,70
2014,22
2014,119
2014,42
2014,51
2014,9
2014,5
2014,27
2014,4
2014,16
2014,48
2014,90
2014,17
2014,11
2014,20
2014,17
2014,17
2014,8
2014,13
2014,12
2014,39
2014,49
2014,75
2014,45
2014,73
2014,37
2014,34
2014,33
2014,61
2014,21
2014,13
2014,94
2014,99
2014,67
2014,51
2014,38
2015,18
2015,50
2015,41
2015,147
2015,38
2015,70
2015,51
2015,69
2015,16
2015,49
2015,25
2015,93
2015,122
2015,52
2015,76
2015,72
2015,103
2015,36
2015,65
2015,43
2015,67
2015,93
2015,8
2015,125
2015,28
2015,99
2015,102
2015,66
2015,22
2015,27
2015,14
2015,109
2015,61
2015,42
2015,55
2015,120
2015,57
2015,42
2015,23
2015,55
2015,25
2015,24
2015,100
2015,89
2015,165
2015,114
2015,54
2015,50
2015,9
2015,156
2015,30
2015,51
2015,58
2015,32
2015,49
2015,75
2015,23
2015,4
2015,81
2015,16
2015,27
2015,16
2015,4
2015,20
2015,27
2015,3
2015,31
2015,72
2015,102
2015,56
2015,35
2015,115
2015,100
2015,91
2015,73
2015,15
2015,75
2015,34
2015,39
2015,105
2015,48
2015,43
2015,30
2015,82
2015,72
2015,51
2015,58
2015,56
2015,24
2015,8
2015,31
2015,20
2015,31
2015,23
2015,22
2015,6
2015,82
2015,73
2015,32
2015,4
2015,37
2015,70
2015,20
2015,41
2015,99
2015,3
2015,50
2015,69
2015,84
2015,106
2015,77
2015,53
2015,45
2015,51
2015,105
2015,30
2015,53
2015,46
2015,36
2015,83
2015,80
2015,60
2016,16
2016,5
2016,3
2016,5
2016,41
2016,80
2016,82
2016,61
2016,50
2016,6
2016,10
2016,69
2016,3
2016,105
2016,47
2016,129
2016,4
2016,31
2016,91
2016,47
2016,11
2016,86
2016,82
2016,3
2016,75
2016,55
2016,35
2016,36
2016,43
2016,83
2016,82
2016,34
2016,83
2016,19
2016,85
2016,30
2016,26
2016,53
2016,73
2016,12
2016,16
2016,31
2016,9
2016,36
2016,11
2016,63
2016,31
2016,41
2016,97
2016,34
2016,78
2016,36
2016,106
2016,111
2016,45
2016,32
2016,40
2016,36
2016,21
2016,81
2016,72
2016,28
2016,31
2016,8
2016,5
2016,50
2016,69
2016,3
2016,52
2016,54
2016,67
2016,63
2016,16
2016,2
2016,55
2016,36
2016,70
2016,84
2016,126
2016,75
2016,65
2016,60
2016,70
2016,93
2016,92
2016,69
2016,49
2016,38
2016,40
2016,50
2016,43
2016,94
2016,41
2016,55
2016,67
2016,29
2016,71
2016,81
2016,60
2016,60
2016,42
2016,110
2016,93
2016,78
2016,56
2016,57
2016,93
2016,48
2016,32
2016,2
2016,34
2016,39
2016,83
2016,50
2016,45
2016,82
2016,191
2016,30
2016,127
2016,110
2016,147
2016,48
2016,37
2016,156
2016,45
2016,68
2016,78
2016,61
2016,51
2016,76
2016,54
2016,118
2016,95
2016,164
2016,52
2016,136
2016,127
2016,98
2016,13
2016,319
2016,70
2016,122
2016,78
2016,75
2016,125
2016,121
2016,22
2016,90
2016,89
2016,43
2016,96
2017,65
2017,45
2017,15
2017,27
2017,46
2017,50
2017,49
2017,109
2017,41
2017,76
2017,70
2017,103
2017,68
2017,68
2017,99
2017,70
2017,118
2017,33
2017,30
2017,65
2017,190
2017,86
2017,66
2017,26
2017,110
2017,44
2017,42
2017,19
2017,26
2017,74
2017,22
2017,14
2017,58
2017,100
2017,109
2017,45
2017,19
2017,51
2017,31
2017,53
2017,33
2017,22
2017,109
2017,140
2017,63
2017,196
2017,47
2017,114
2017,73
2017,68
2018,67
2018,43
2018,72
2018,50
2018,78
2018,28
2018,103
2018,25
2018,80
2018,32
2018,44
2018,12
2018,51
2018,58
2018,76
2018,184
2018,16
2018,78
2018,133
2018,98
2018,58
2018,147
2018,145
2018,114
2018,41
2018,11
2018,121
2018,15
2018,80
2020,12
2020,88
2020,82
2020,61
2020,99
2020,100
2020,63
2020,17
2020,46
2020,85
2020,74
2020,9
2020,88
2020,78
2020,80
2020,55
2020,33
2020,49
2020,57
2020,9
2020,51
2020,5
2020,9
2020,27
2020,42
2020,42
2020,19
2020,10
2020,26
2020,88
2020,23
2020,25
2020,58
2020,66
2020,64
2020,44
2020,10
2020,12
2020,9
2020,14
2020,8
2020,18
2020,11
2020,28
2020,9
2020,15
2020,9
2020,27
2020,9
2020,47
2020,9
2020,8
2020,9
2020,19
2020,8
2020,67
2020,8
2020,22
2020,44
2020,10
2020,31
2020,37
2020,38
2020,61
2020,9
2020,20
2020,9
2020,55
2020,9
2020,10
2020,10
2020,8
2020,9
2020,11
2020,15
2020,8
2020,9
2020,11
2020,9
2020,6
2020,41
2020,7
2020,12
2020,32
2020,44
2020,64
2020,30
2020,57
2020,3
2020,3
2020,10
2020,3
2020,49
2020,3
2020,50
2020,3
2020,54
2020,35
2020,10
2020,22
2020,71
2020,10
2020,66
2020,87
2020,8
2020,34
2020,8
2020,39
2020,36
2020,52
2020,66
2020,10
2020,93
2020,121
2020,74
2020,40
2020,121
2020,9
2020,64
2020,47
2020,81
2020,8
2020,3
2020,10
2020,7
2020,8
2020,42
2021,5
2021,49
2021,25
2021,42
2021,41
2021,96
2021,39
2021,18
2021,3
2021,75
2021,58
2021,13
2021,72
2021,3
2021,36
2021,24
2021,135
2021,138
2021,41
2021,88
2021,36
2021,14
2021,39
2021,10
2021,21
2021,20
2021,47
2021,39
2021,43
2021,35
2021,75
2021,32
2021,34
2021,22
2021,76
2021,4
2021,46
2021,3
2021,44
2021,46
2021,19
2021,63
2021,51
2021,83
2021,134
2021,128
2021,16
2021,14
2021,3
2021,79
2021,53
2021,92
2021,59
2021,125
2021,105
2021,194
2021,64
2021,63
2021,77
2021,39
2021,25
2021,223
2021,17
2021,114
2021,80
2021,52
2021,80
2021,112
2021,85
2021,24
2021,104
2021,68
2021,62
2021,72
2021,76
2021,8
2021,167
2021,52
2021,79
2021,25
2022,55
2022,87
2022,54
2022,52
2022,2345
2022,115
2022,50
2022,58
2022,111
2022,54
2022,156
2022,62
2022,90
2022,17
2022,4
2022,58
2022,126
2022,77
2022,96
2022,94
2022,129
2022,145
2022,72
2022,62
2022,82
2022,61
2022,82
2022,104
2022,2
2022,54
2022,63
2022,35
2022,82
2022,78
2022,72
2022,43
2022,111
2022,4
2022,2
2022,9
2022,4
2022,2
2022,49
2022,57
2022,95
2022,15
2022,31
2022,25
2022,83
2022,104
2022,90
2022,69
2022,52
2022,78
2022,81
2022,63
2022,111
2022,73
2022,59
2022,60
2022,132
2022,71
2022,97
2022,137
2022,140
2022,27
2022,41
2022,29
2022,27
2022,281
2022,84
2022,111
2022,116
2022,136
2022,49
2022,73
2022,46
2022,62
2022,91
2022,54
2022,60
2022,73
2022,85
2022,25
2022,121
2022,98
2022,57
2022,68
2022,69
2022,73
2022,38
2022,111
2022,27
2022,69
2022,93
2022,100
2022,51
2022,5
2022,65
2022,9
2022,18
2022,64
2022,59
2022,126
2022,61
2022,61
2022,47
2022,114
2022,84
2022,76
2022,60
2022,37
2022,7
2022,36
2022,45
2022,39
2022,50
2022,96
2022,7
2022,67
2022,54
2022,101
2022,85
2022,94
2022,245
2022,30
2022,154
2022,87
2022,17
2022,53
2022,16
2022,143
2022,45
2022,58
2022,44
2022,82
2022,14
2022,11
2022,8
2022,21
2022,69
2022,132
2022,60
2022,127
2022,135
2022,54
2022,114
2022,102
2022,91
2022,126
2022,23
2022,69
2023,79
2023,82
2023,64
2023,3
2023,87
2023,84
2023,102
2023,119
2023,57
2023,102
2023,50
2023,72
2023,65
2023,69
2023,54
2023,62
2023,61
2023,55
2023,65
2023,20
2023,73
2023,33
2023,61
2023,28
2023,4
2023,21
2023,59
2023,16
2023,24
2023,115
2023,67
2023,28
2023,120
2023,58
2023,7
2023,31
2023,111
2023,16
2023,67
2023,87
2023,86
2023,50
2023,3
2023,30
2023,36
2023,53
2023,61
2023,42
2023,9
2023,36
2023,22
2023,61
2023,73
2023,22
2023,53
2023,60
2023,72
2023,72
2023,76
2023,5
2023,184
2023,9
2023,97
2023,130
2023,118
2023,14
2023,193
2023,3
2023,84
2023,27
2023,44
2023,21
2023,116
2023,24
2023,3
2023,75
2023,96
2023,117
2023,103
2023,151
2023,106
2023,40
2023,3
2023,25
2023,66
2023,50
2023,60
2023,5
2023,41
2023,139
2023,93
2023,195
2023,56
2023,74
2023,40
2023,323
2023,45
2023,49
2023,93
2023,77
2023,75
2023,57
2023,126
2023,88
2023,120
2023,78
2023,39
2023,34
2023,95
2023,46
2023,77
2023,137
2023,34
2023,79
2023,145
2023,120
2023,195
2023,54
2023,101
2023,38
2024,2
2024,46
2024,151
2024,74
2024,82
2024,66
2024,6
2024,42
2024,33
2024,49
2024,53
2024,39
2024,43
2024,20
2024,37
2024,23
2024,16
2024,75
2024,34
2024,79
2024,16
2024,49
2024,90
2024,22
2024,38
2024,23
2024,52
2024,52
2024,6
2024,10
2024,29
2024,54
2024,30
2024,129
2024,46
2024,8
2024,19
2024,66
2024,25
2024,54
2024,57
2024,43
2024,19
2024,59
2024,44
2024,54
2024,28
2024,19
2024,6
2024,6
2024,36
2024,26
2024,52
2024,9
2024,84
2024,120
2024,1
2024,59
2024,21
2024,14
2024,7
2024,39
2024,27
2024,22
2024,27
2024,4
2024,102
2024,39
2024,4
2024,25
2024,59
2024,34
2024,6
2024,43
2024,86
2024,44
2024,74
2024,8
2024,5
2024,4
2024,28
2024,19
2024,8
2024,16
2024,53
2024,60
2024,72
2024,40
2024,36
2024,70
2024,95
2024,38
2024,26
2024,99
2024,61
2024,23
2024,23
2024,95
2024,10
2024,16
2024,6
2024,13
2024,9
2024,4
2024,7
2024,8
2024,2
2024,5
2024,3
2024,12
2024,148
2024,4
2024,52
2024,57
2024,150
2024,19
2024,66
2024,17
2024,16
2024,62
2024,57
2024,31
2024,7
2024,110
2024,26
2024,32
2024,65
2024,24
2024,5
2024,60
2024,86
2024,31
2024,23
2024,66
2024,54
2024,3
2024,38
2024,30
2024,16
2024,15
2024,12
2024,11
2024,26
2024,81
2024,2
2024,62
2024,46
2024,54
2024,23
2024,39
2024,23
2024,6
2024,50
2024,30
2024,86
2024,128
2024,38
2024,2
2024,2
2024,4
2024,56
2024,57
2024,112
2024,37
2024,29
2024,41
2024,26
2024,14
2024,69
2024,96
2024,47
2024,202
2024,84
2024,62
2024,43
2024,105
2024,6
2024,30
2024,10
2024,56
2024,11
2024,93
2024,34
2024,85
2024,48
2024,24
2024,119
2024,57
2024,82
2024,18
2024,38
2024,87
2024,45
2024,93
2024,226
2024,71
2024,20
2024,96
2024,117
2024,46
2024,116
2024,31
2024,62
2024,103
2024,94
2024,139
2024,68
2024,54
2024,43
2024,51
2024,59
2024,47
2024,72
2024,84
2024,19
2024,37
2024,15
2024,34
2024,52
2024,39
2024,17
2024,111
2024,49
2024,84
2024,50
2024,102
2024,51
2024,128
2024,56
2024,50
2024,35
2024,86
2024,59
2024,30
2024,62
2024,75
2024,40
2024,27
2024,26
2024,68
2024,47
2024,32
2024,64
2024,73
2024,37
2024,70
2024,40
2024,65
2024,52
2024,21
2024,28
2024,23
2024,63
2024,78
2024,119
2024,36
2024,65
2024,153
2024,75
2024,56
2024,118
2024,98
2024,73
2024,29
2024,12
2024,35
2024,100
2024,32
2024,108
2024,78
2024,106
2024,74
2024,52
2024,23
2024,6
2024,2
2024,68
2024,79
2024,6
2024,63
2024,38
2024,112
2024,147
2024,52
2024,32
2024,100
2024,7
2024,47
2024,20
2024,27
2024,77
2024,80
2024,121
2024,65
2024,106
2024,57
2024,44
2024,27
2024,3
2024,8
2024,46
2024,68
2024,111
2024,16
2024,38
2024,36
2024,100
2024,37
2024,70
2024,75
2024,107
2024,52
2024,73
2024,105
2024,84
2024,39
2025,17
2025,23
2025,17
2025,35
2025,43
2025,41
2025,102
2025,41
2025,264
2025,13
2025,73
2025,51
2025,10
2025,94
2025,203
2025,147
2025,195
2025,119
2025,105
2025,50
2025,28
2025,18
2025,5
2025,104
2025,91
2025,117
2025,156
2025,220
2025,8
2025,71
2025,97
2025,14
2025,96
2025,110
2025,74
2025,88
2025,60
2025,114
2025,109
2025,119
2025,85
2025,61
2025,126
2025,32
2025,86
2025,80
2025,3
2025,95
2025,90
2025,4
2025,29
2025,36
2025,74
2025,18
2025,10
2025,59
2025,37
2025,117
2025,67
2025,62
2025,67
2025,4
2025,31
2025,53
2025,89
2025,95
2025,16
2025,49
2025,33
2025,5
2025,62
2025,49
2025,19
2025,91
2025,220
2025,117
2025,56
2025,47
2025,170
2025,112
2025,77
2025,128
2025,118
2025,63
2025,43
2025,17
2025,29
2025,60
2025,96
2025,104
2025,67
2025,81
2025,40
2025,31
2025,44
2025,37
2025,89
2025,33
2025,91
2025,55
2025,107
2025,5
2025,108
2025,6
2025,80
2025,165
2025,49
2025,89
2025,45
2025,51
2025,79
2025,123
2025,85
2025,7
2025,133
2025,97
2025,48
2025,87
2025,7
2025,71
2025,87
2025,73
2025,51
2025,56
2025,8
2025,131
2025,41
2025,89
2025,60
2025,91
2025,175
2025,117
2025,3
2025,105
2025,70
2025,50
2025,84
2025,87
2025,6
2025,141
2025,54
2025,46
2025,74
2025,88
2025,5
2025,29
2025,54
2025,59
2025,44
2025,62
2025,66
2025,46
2025,90
2025,4
2025,6
2025,75
2025,61
2025,56
2025,74
